id;v1;v2;v3;v4;v5;v6;v7;v8;v9;v10;v11;v12;v13;v14;v15;v16
1;2;NULL;NULL;NULL;NULL;NULL;1;1;2;2;1;1;1;7;3;1
2;2;NULL;NULL;NULL;NULL;NULL;2;NULL;NULL;NULL;NULL;NULL;NULL;5;5;2
3;2;NULL;NULL;NULL;NULL;NULL;2;NULL;NULL;NULL;NULL;NULL;NULL;7;4;1
4;1;1;1;2;NULL;1;2;NULL;NULL;NULL;NULL;NULL;NULL;2;3;4
5;2;NULL;NULL;NULL;NULL;NULL;1;1;1;1;1;2;1;3;5;3
6;1;1;3;2;NULL;3;1;1;1;2;2;1;2;6;1;3
7;1;1;3;1;3;1;2;NULL;NULL;NULL;NULL;NULL;NULL;1;4;2
8;1;2;NULL;NULL;NULL;NULL;1;1;1;2;1;2;1;10;4;2
9;1;1;3;1;1;NULL;NULL;2;NULL;NULL;NULL;NULL;NULL;4;5;2
10;2;NULL;NULL;NULL;NULL;NULL;2;NULL;NULL;NULL;NULL;NULL;NULL;6;4;3
11;1;2;NULL;NULL;NULL;NULL;1;2;NULL;NULL;NULL;NULL;NULL;1;2;5
12;2;NULL;NULL;NULL;NULL;NULL;2;NULL;NULL;NULL;NULL;NULL;NULL;5;5;4
13;2;NULL;NULL;NULL;NULL;NULL;2;NULL;NULL;NULL;NULL;NULL;NULL;10;3;5
14;1;1;1;2;NULL;4;2;NULL;NULL;NULL;NULL;NULL;NULL;8;1;4
15;2;NULL;NULL;NULL;NULL;NULL;2;NULL;NULL;NULL;NULL;NULL;NULL;10;2;5
16;2;NULL;NULL;NULL;NULL;NULL;2;NULL;NULL;NULL;NULL;NULL;NULL;7;3;4
17;2;NULL;NULL;NULL;NULL;NULL;2;NULL;NULL;NULL;NULL;NULL;NULL;1;1;5
18;2;NULL;NULL;NULL;NULL;NULL;2;NULL;NULL;NULL;NULL;NULL;NULL;2;5;3
19;1;1;3;1;3;3;2;NULL;NULL;NULL;NULL;NULL;NULL;8;5;1
20;1;1;1;2;NULL;2;2;NULL;NULL;NULL;NULL;NULL;NULL;6;5;3
21;1;1;2;1;2;5;1;2;NULL;NULL;NULL;NULL;NULL;2;4;2
22;2;NULL;NULL;NULL;NULL;NULL;2;NULL;NULL;NULL;NULL;NULL;NULL;3;2;4
23;1;2;NULL;NULL;NULL;NULL;1;2;NULL;NULL;NULL;NULL;NULL;2;3;2
24;2;NULL;NULL;NULL;NULL;NULL;2;NULL;NULL;NULL;NULL;NULL;NULL;10;3;1
25;1;2;NULL;NULL;NULL;NULL;1;2;NULL;NULL;NULL;NULL;NULL;1;1;4
26;2;NULL;NULL;NULL;NULL;NULL;1;2;NULL;NULL;NULL;NULL;NULL;9;3;4
27;2;NULL;NULL;NULL;NULL;NULL;1;2;NULL;NULL;NULL;NULL;NULL;2;4;2
28;1;1;2;2;NULL;3;2;NULL;NULL;NULL;NULL;NULL;NULL;1;1;4
29;1;1;3;2;NULL;1;1;2;NULL;NULL;NULL;NULL;NULL;2;3;1
30;1;2;NULL;NULL;NULL;NULL;2;NULL;NULL;NULL;NULL;NULL;NULL;8;3;1
31;2;NULL;NULL;NULL;NULL;NULL;1;1;1;2;1;1;2;3;5;2
32;1;1;1;1;1;5;1;1;2;1;1;1;2;10;4;2
33;1;1;2;2;NULL;1;2;NULL;NULL;NULL;NULL;NULL;NULL;10;2;3
34;1;2;3;NULL;NULL;NULL;2;NULL;NULL;NULL;NULL;NULL;NULL;1;2;1
35;1;2;NULL;NULL;NULL;NULL;1;2;NULL;NULL;NULL;NULL;NULL;10;5;4
36;2;NULL;NULL;NULL;NULL;NULL;1;2;NULL;NULL;NULL;NULL;NULL;8;5;1
37;2;NULL;NULL;NULL;NULL;NULL;1;1;1;2;1;2;1;7;4;5
38;2;NULL;NULL;NULL;NULL;NULL;2;NULL;NULL;NULL;NULL;NULL;NULL;7;3;5
39;1;2;NULL;NULL;NULL;NULL;2;NULL;NULL;NULL;NULL;NULL;NULL;1;4;2
40;2;NULL;NULL;NULL;NULL;NULL;1;2;NULL;NULL;NULL;NULL;NULL;10;3;5
41;2;NULL;NULL;NULL;NULL;NULL;2;NULL;NULL;NULL;NULL;NULL;NULL;9;5;2
42;2;NULL;NULL;NULL;NULL;NULL;2;NULL;NULL;NULL;NULL;NULL;NULL;5;1;4
43;2;2;NULL;NULL;NULL;NULL;1;2;NULL;NULL;NULL;NULL;NULL;6;3;5
44;2;NULL;NULL;NULL;NULL;NULL;1;2;NULL;NULL;NULL;NULL;NULL;7;2;4
45;1;1;2;1;1;NULL;NULL;2;NULL;NULL;NULL;NULL;NULL;5;2;3
46;2;NULL;NULL;NULL;NULL;NULL;1;1;2;1;1;1;2;5;2;4
47;2;NULL;NULL;NULL;NULL;NULL;1;2;NULL;NULL;NULL;NULL;NULL;1;3;2
48;1;2;NULL;NULL;NULL;NULL;1;1;2;1;1;2;1;3;5;2
49;1;1;3;2;NULL;5;2;NULL;NULL;NULL;NULL;NULL;NULL;3;3;2
50;1;1;2;1;2;5;2;NULL;NULL;NULL;NULL;NULL;NULL;6;2;5
51;2;NULL;NULL;NULL;NULL;NULL;1;2;NULL;NULL;NULL;NULL;NULL;8;5;1
52;1;2;NULL;NULL;NULL;NULL;1;2;NULL;NULL;NULL;NULL;NULL;10;4;5
53;1;2;NULL;NULL;NULL;NULL;2;NULL;NULL;NULL;NULL;NULL;NULL;8;1;4
54;2;NULL;NULL;NULL;NULL;NULL;1;1;1;1;2;2;2;3;4;1
55;1;1;1;2;NULL;NULL;2;NULL;NULL;NULL;NULL;NULL;NULL;8;2;1
56;2;NULL;NULL;NULL;NULL;NULL;1;2;NULL;NULL;NULL;NULL;NULL;7;4;1
57;2;NULL;NULL;NULL;NULL;NULL;2;NULL;NULL;NULL;NULL;NULL;NULL;9;3;1
58;2;NULL;NULL;NULL;NULL;NULL;1;2;NULL;NULL;NULL;NULL;NULL;5;3;4
59;2;NULL;NULL;NULL;NULL;NULL;2;NULL;NULL;NULL;NULL;NULL;NULL;2;2;4
60;1;2;NULL;NULL;NULL;NULL;1;1;2;2;1;2;1;10;4;2
61;1;1;2;2;NULL;3;2;NULL;NULL;NULL;NULL;NULL;NULL;2;1;4
62;2;NULL;NULL;NULL;NULL;NULL;2;NULL;NULL;NULL;NULL;NULL;NULL;1;4;3
63;2;NULL;NULL;NULL;NULL;NULL;1;2;NULL;NULL;NULL;NULL;NULL;3;4;2
64;2;NULL;NULL;NULL;NULL;NULL;1;2;NULL;NULL;NULL;NULL;NULL;10;4;1
65;2;NULL;NULL;NULL;NULL;NULL;1;2;NULL;NULL;NULL;NULL;NULL;12;1;4
66;2;NULL;NULL;NULL;NULL;NULL;1;2;NULL;NULL;NULL;NULL;NULL;8;2;5
67;2;NULL;NULL;NULL;NULL;NULL;2;NULL;NULL;NULL;NULL;NULL;NULL;6;4;3
68;2;NULL;NULL;NULL;NULL;NULL;1;2;NULL;NULL;NULL;NULL;NULL;3;5;1
69;2;NULL;NULL;NULL;NULL;NULL;1;1;1;1;1;1;1;6;4;2
70;1;1;2;2;NULL;3;1;1;1;2;2;1;1;8;5;4
71;2;NULL;NULL;NULL;NULL;NULL;2;NULL;NULL;NULL;NULL;NULL;NULL;2;3;4
72;1;2;NULL;NULL;NULL;NULL;1;1;2;2;2;2;1;4;3;2
73;2;NULL;NULL;NULL;NULL;NULL;2;NULL;NULL;NULL;NULL;NULL;NULL;7;2;3
74;2;NULL;NULL;NULL;NULL;NULL;1;2;NULL;NULL;NULL;NULL;NULL;4;2;4
75;1;2;NULL;NULL;NULL;NULL;1;1;1;2;2;1;1;4;4;3
76;2;NULL;NULL;NULL;NULL;NULL;2;NULL;NULL;NULL;NULL;NULL;NULL;10;2;5
77;2;NULL;NULL;NULL;NULL;NULL;1;1;2;2;2;1;2;10;1;4
78;2;NULL;NULL;NULL;NULL;NULL;1;2;1;2;1;1;2;7;2;4
79;1;1;2;2;NULL;5;2;NULL;NULL;NULL;NULL;NULL;NULL;3;4;5
80;2;NULL;NULL;NULL;NULL;NULL;2;NULL;NULL;NULL;NULL;NULL;NULL;5;4;1
81;1;2;NULL;NULL;NULL;NULL;2;NULL;NULL;NULL;NULL;NULL;NULL;7;2;3
82;2;NULL;NULL;NULL;NULL;NULL;1;2;NULL;NULL;NULL;NULL;NULL;1;1;4
83;2;NULL;NULL;NULL;NULL;NULL;2;NULL;NULL;NULL;NULL;NULL;NULL;5;3;5
84;2;NULL;NULL;NULL;NULL;NULL;2;NULL;NULL;NULL;NULL;NULL;NULL;6;5;2
85;1;1;1;1;2;5;2;NULL;NULL;NULL;NULL;NULL;NULL;10;2;4
86;1;1;2;1;1;NULL;NULL;NULL;NULL;NULL;NULL;NULL;NULL;9;2;1
87;2;NULL;NULL;NULL;NULL;NULL;2;NULL;NULL;NULL;NULL;NULL;NULL;4;4;3
88;1;1;2;1;3;5;1;2;NULL;NULL;NULL;NULL;NULL;2;3;1
89;1;1;1;1;1;NULL;NULL;1;2;2;2;2;2;7;1;4
90;2;NULL;NULL;NULL;NULL;NULL;2;NULL;NULL;NULL;NULL;NULL;NULL;7;4;1
91;2;NULL;NULL;NULL;NULL;NULL;1;1;1;1;2;1;2;3;3;5
92;1;1;3;2;1;5;1;2;NULL;NULL;NULL;NULL;NULL;4;3;5
93;1;1;3;2;NULL;5;1;1;2;1;1;2;1;8;1;2
94;2;NULL;NULL;NULL;NULL;NULL;1;2;NULL;NULL;NULL;NULL;NULL;7;1;2
95;2;NULL;NULL;NULL;NULL;NULL;2;NULL;NULL;NULL;NULL;NULL;NULL;6;1;4
96;1;2;NULL;NULL;NULL;NULL;1;1;1;2;1;1;1;7;2;5
97;1;2;NULL;NULL;NULL;NULL;1;2;NULL;NULL;NULL;NULL;NULL;1;4;1
98;2;NULL;NULL;NULL;NULL;NULL;2;NULL;NULL;NULL;NULL;NULL;NULL;3;5;1
99;1;2;NULL;2;NULL;3;1;1;2;2;2;2;2;8;2;5
100;1;1;2;2;NULL;2;1;2;NULL;NULL;NULL;NULL;NULL;2;3;1
101;1;2;NULL;NULL;NULL;NULL;2;NULL;NULL;NULL;NULL;NULL;NULL;3;4;5
102;2;NULL;NULL;NULL;NULL;NULL;2;NULL;NULL;NULL;NULL;NULL;NULL;9;4;2
103;2;NULL;NULL;NULL;NULL;NULL;2;NULL;NULL;NULL;NULL;NULL;NULL;7;2;4
104;2;NULL;NULL;NULL;NULL;NULL;1;1;1;2;2;2;2;2;1;4
105;1;1;1;2;NULL;1;1;2;NULL;NULL;NULL;NULL;NULL;6;1;5
106;2;NULL;NULL;NULL;NULL;NULL;1;1;2;2;1;2;2;4;4;3
107;2;NULL;NULL;NULL;NULL;NULL;2;NULL;NULL;NULL;NULL;NULL;NULL;10;3;1
108;1;1;2;1;1;NULL;NULL;NULL;NULL;NULL;NULL;NULL;NULL;3;3;2
109;1;1;2;1;2;2;1;2;NULL;NULL;NULL;NULL;NULL;9;3;2
110;1;1;2;1;3;3;1;2;NULL;NULL;NULL;NULL;NULL;7;5;4
111;2;NULL;NULL;NULL;NULL;NULL;2;NULL;NULL;NULL;NULL;NULL;NULL;6;5;3
112;1;1;1;1;1;NULL;NULL;NULL;NULL;NULL;NULL;NULL;NULL;4;4;1
113;1;1;3;2;NULL;3;2;NULL;NULL;NULL;NULL;NULL;NULL;8;2;3
114;2;NULL;NULL;NULL;NULL;NULL;1;2;NULL;NULL;NULL;NULL;NULL;6;3;5
115;1;1;1;2;NULL;1;1;1;1;1;1;2;1;2;4;1
116;1;1;2;1;1;NULL;NULL;1;1;2;2;1;2;9;5;4
117;1;2;NULL;NULL;NULL;NULL;2;NULL;NULL;NULL;NULL;NULL;NULL;6;3;1
118;2;NULL;NULL;NULL;NULL;NULL;2;NULL;NULL;NULL;NULL;NULL;NULL;9;4;1
119;1;2;2;NULL;NULL;NULL;2;NULL;NULL;NULL;NULL;NULL;NULL;4;2;3
120;2;NULL;NULL;NULL;NULL;NULL;1;2;NULL;NULL;NULL;NULL;NULL;6;1;4
121;2;NULL;NULL;NULL;NULL;NULL;2;NULL;NULL;NULL;NULL;NULL;NULL;10;2;5
122;2;NULL;NULL;NULL;NULL;NULL;1;2;NULL;NULL;NULL;NULL;NULL;2;1;5
123;2;NULL;NULL;NULL;NULL;NULL;2;NULL;NULL;NULL;NULL;NULL;NULL;1;4;1
124;2;NULL;NULL;NULL;NULL;NULL;2;NULL;NULL;NULL;NULL;NULL;NULL;9;4;1
125;1;1;3;1;2;3;2;NULL;NULL;NULL;NULL;NULL;NULL;10;3;1
126;1;1;3;1;3;1;2;NULL;NULL;NULL;NULL;NULL;NULL;10;3;4
127;2;NULL;NULL;NULL;NULL;NULL;1;1;2;1;1;1;2;9;1;2
128;1;2;NULL;NULL;NULL;NULL;1;2;NULL;NULL;NULL;NULL;NULL;8;5;1
129;2;NULL;NULL;NULL;NULL;NULL;2;NULL;NULL;NULL;NULL;NULL;NULL;2;2;1
130;2;NULL;NULL;NULL;NULL;NULL;1;2;NULL;NULL;NULL;NULL;NULL;3;3;2
131;1;2;NULL;NULL;NULL;NULL;1;2;NULL;NULL;NULL;NULL;NULL;7;4;5
132;2;NULL;NULL;NULL;NULL;NULL;2;NULL;NULL;NULL;NULL;NULL;NULL;4;5;4
133;2;NULL;NULL;NULL;NULL;NULL;1;2;NULL;NULL;NULL;NULL;NULL;8;3;2
134;2;NULL;NULL;NULL;NULL;NULL;2;NULL;NULL;NULL;NULL;NULL;NULL;4;4;3
135;2;NULL;NULL;NULL;NULL;NULL;1;1;1;1;2;2;2;7;2;3
136;1;1;2;2;NULL;1;2;NULL;NULL;NULL;NULL;NULL;NULL;9;2;5
137;1;2;NULL;NULL;NULL;NULL;1;2;NULL;NULL;NULL;NULL;NULL;7;1;3
138;1;2;NULL;NULL;NULL;NULL;2;NULL;NULL;NULL;NULL;NULL;NULL;7;1;2
139;1;1;3;1;3;2;2;NULL;NULL;NULL;NULL;NULL;NULL;2;5;1
140;1;2;NULL;NULL;NULL;NULL;2;NULL;NULL;NULL;NULL;NULL;NULL;6;5;1
141;1;1;1;2;NULL;5;1;1;2;2;1;2;1;4;3;1
142;1;2;NULL;NULL;NULL;NULL;2;NULL;NULL;NULL;NULL;NULL;NULL;10;5;4
143;1;1;2;2;NULL;2;1;1;2;1;1;1;2;7;1;3
144;1;1;3;1;1;NULL;NULL;NULL;NULL;NULL;NULL;NULL;NULL;1;5;2
145;2;NULL;NULL;NULL;NULL;NULL;1;1;1;1;2;2;1;8;3;2
146;1;1;1;2;NULL;2;1;2;NULL;NULL;NULL;NULL;NULL;3;1;5
147;2;NULL;NULL;NULL;NULL;NULL;2;NULL;NULL;NULL;NULL;NULL;NULL;4;3;5
148;1;2;NULL;NULL;NULL;NULL;2;NULL;NULL;NULL;NULL;NULL;NULL;9;5;4
149;1;1;1;2;NULL;5;2;NULL;NULL;NULL;NULL;NULL;NULL;3;2;3
150;1;1;1;2;NULL;5;1;1;1;2;2;1;1;5;5;2
151;2;NULL;NULL;NULL;NULL;NULL;2;NULL;NULL;NULL;NULL;NULL;NULL;1;3;2
152;2;NULL;NULL;NULL;NULL;NULL;1;1;2;2;1;2;1;9;1;4
153;2;NULL;NULL;NULL;NULL;NULL;2;NULL;NULL;NULL;NULL;NULL;NULL;7;1;3
154;1;1;3;2;NULL;5;2;NULL;NULL;NULL;NULL;NULL;NULL;6;2;3
155;2;NULL;NULL;NULL;NULL;NULL;2;NULL;NULL;NULL;NULL;NULL;NULL;5;2;3
156;1;1;3;1;1;NULL;NULL;NULL;NULL;NULL;NULL;NULL;NULL;6;4;1
157;1;2;NULL;NULL;NULL;NULL;2;NULL;NULL;NULL;NULL;NULL;NULL;4;5;2
158;1;2;NULL;NULL;NULL;NULL;2;NULL;NULL;NULL;NULL;NULL;NULL;6;1;4
159;2;NULL;NULL;NULL;NULL;NULL;1;1;1;1;2;1;2;6;4;1
160;1;1;3;2;NULL;2;1;1;2;1;1;2;1;7;4;3
161;1;2;NULL;NULL;NULL;NULL;2;NULL;NULL;NULL;NULL;NULL;NULL;4;4;2
162;2;NULL;NULL;NULL;NULL;NULL;2;NULL;NULL;NULL;NULL;NULL;NULL;1;1;4
163;1;1;2;2;NULL;3;1;2;NULL;NULL;NULL;NULL;NULL;8;4;3
164;2;NULL;NULL;NULL;NULL;NULL;2;NULL;NULL;NULL;NULL;NULL;NULL;1;1;3
165;1;1;3;2;NULL;5;1;1;1;1;2;2;1;3;2;4
166;2;NULL;NULL;NULL;NULL;NULL;1;1;1;1;2;2;1;7;3;1
167;1;2;NULL;NULL;NULL;NULL;1;1;2;1;1;2;2;3;2;1
168;2;NULL;NULL;NULL;NULL;NULL;1;2;NULL;NULL;NULL;NULL;NULL;6;2;3
169;2;NULL;NULL;NULL;NULL;NULL;2;NULL;NULL;NULL;NULL;NULL;NULL;9;4;3
170;2;NULL;NULL;NULL;NULL;NULL;1;1;1;1;1;2;1;3;3;4
171;2;NULL;NULL;NULL;NULL;NULL;1;NULL;NULL;NULL;NULL;NULL;NULL;7;5;2
172;2;NULL;NULL;NULL;NULL;NULL;2;NULL;NULL;NULL;NULL;NULL;NULL;9;1;3
173;1;1;1;1;2;1;2;NULL;NULL;NULL;NULL;NULL;NULL;2;3;1
174;1;1;3;1;1;NULL;NULL;NULL;NULL;NULL;NULL;NULL;NULL;7;3;5
175;1;2;NULL;NULL;NULL;NULL;2;NULL;NULL;NULL;NULL;NULL;NULL;9;2;5
176;2;NULL;NULL;NULL;NULL;NULL;2;NULL;NULL;NULL;NULL;NULL;NULL;10;2;1
177;2;NULL;NULL;NULL;NULL;NULL;2;NULL;NULL;NULL;NULL;NULL;NULL;6;4;3
178;1;1;3;2;NULL;3;1;2;NULL;NULL;NULL;NULL;NULL;9;5;4
179;1;2;NULL;NULL;NULL;NULL;1;2;NULL;NULL;NULL;NULL;NULL;6;5;4
180;2;NULL;NULL;NULL;NULL;NULL;2;NULL;NULL;NULL;NULL;NULL;NULL;4;3;1
181;1;1;1;1;2;2;1;2;NULL;NULL;NULL;NULL;NULL;1;1;4
182;1;1;3;1;NULL;4;2;NULL;NULL;NULL;NULL;NULL;NULL;5;2;3
183;1;1;1;1;1;NULL;NULL;1;2;2;1;1;2;6;2;3
184;2;NULL;NULL;NULL;NULL;NULL;2;NULL;NULL;NULL;NULL;NULL;NULL;4;1;2
185;1;1;2;2;NULL;3;1;1;1;2;1;2;2;2;1;5
186;2;NULL;NULL;NULL;NULL;NULL;2;NULL;NULL;NULL;NULL;NULL;NULL;8;3;1
187;1;2;NULL;NULL;NULL;NULL;1;1;2;2;2;2;1;3;1;5
188;1;1;3;1;1;NULL;NULL;1;1;1;1;1;1;4;2;4
189;2;NULL;NULL;NULL;NULL;NULL;1;2;NULL;NULL;NULL;NULL;NULL;6;5;4
190;2;NULL;NULL;NULL;NULL;NULL;1;2;NULL;NULL;NULL;NULL;NULL;8;2;3
191;2;NULL;NULL;NULL;NULL;NULL;1;2;NULL;NULL;NULL;NULL;NULL;7;2;5
192;2;NULL;NULL;NULL;NULL;NULL;1;1;1;2;1;2;2;8;3;2
193;1;1;1;2;NULL;2;1;2;NULL;NULL;NULL;NULL;NULL;1;2;1
194;1;2;NULL;NULL;NULL;NULL;1;2;NULL;NULL;NULL;NULL;NULL;7;1;2
195;2;NULL;NULL;NULL;NULL;NULL;2;NULL;NULL;NULL;NULL;NULL;NULL;7;1;3
196;1;2;NULL;NULL;NULL;NULL;2;2;NULL;NULL;NULL;NULL;NULL;9;4;3
197;1;2;NULL;NULL;NULL;NULL;2;NULL;NULL;NULL;NULL;NULL;NULL;4;3;2
198;2;NULL;NULL;NULL;NULL;NULL;2;NULL;NULL;NULL;NULL;NULL;NULL;9;4;2
199;1;1;2;1;3;NULL;2;NULL;NULL;NULL;NULL;NULL;NULL;8;5;4
200;2;NULL;NULL;NULL;NULL;NULL;2;NULL;NULL;NULL;NULL;NULL;NULL;8;3;2
201;2;NULL;NULL;NULL;NULL;NULL;2;2;NULL;NULL;NULL;NULL;NULL;1;2;4
202;2;NULL;NULL;NULL;NULL;NULL;2;NULL;NULL;NULL;NULL;NULL;NULL;5;2;4
203;1;1;3;1;2;2;1;2;NULL;NULL;NULL;NULL;NULL;8;5;3
204;1;1;2;1;2;1;1;2;NULL;NULL;NULL;NULL;NULL;8;3;4
205;2;NULL;NULL;NULL;NULL;NULL;2;NULL;NULL;NULL;NULL;NULL;NULL;2;2;4
206;2;NULL;NULL;NULL;NULL;NULL;1;1;1;1;1;2;1;9;5;1
207;2;NULL;NULL;NULL;NULL;NULL;1;1;2;1;1;1;1;5;1;2
208;1;2;NULL;NULL;NULL;NULL;1;1;2;1;2;2;2;8;3;2
209;2;NULL;NULL;NULL;NULL;NULL;1;2;NULL;NULL;NULL;NULL;NULL;4;5;3
210;2;NULL;NULL;NULL;NULL;NULL;2;NULL;NULL;NULL;NULL;NULL;NULL;7;3;2
211;2;NULL;NULL;NULL;NULL;NULL;1;1;2;1;1;2;2;1;4;2
212;2;NULL;NULL;NULL;NULL;NULL;1;2;NULL;NULL;NULL;NULL;NULL;3;2;3
213;2;NULL;NULL;NULL;NULL;NULL;1;2;NULL;NULL;NULL;NULL;NULL;2;2;4
214;2;NULL;NULL;NULL;NULL;NULL;2;NULL;NULL;NULL;NULL;NULL;NULL;9;3;2
215;2;NULL;NULL;NULL;NULL;NULL;1;1;1;1;2;1;2;2;1;2
216;1;2;NULL;NULL;NULL;NULL;1;2;NULL;NULL;NULL;NULL;NULL;7;2;3
217;1;1;3;1;2;2;1;2;NULL;NULL;NULL;NULL;NULL;10;3;5
218;2;NULL;NULL;NULL;NULL;NULL;1;1;2;2;1;2;1;2;3;4
219;1;1;3;NULL;NULL;NULL;2;NULL;NULL;NULL;NULL;NULL;NULL;5;1;5
220;2;NULL;NULL;NULL;NULL;NULL;1;2;NULL;NULL;NULL;NULL;NULL;9;3;1
221;2;NULL;NULL;NULL;NULL;NULL;1;1;1;2;1;2;1;2;5;1
222;2;NULL;NULL;NULL;NULL;NULL;2;NULL;NULL;NULL;NULL;NULL;NULL;1;2;4
223;2;NULL;NULL;NULL;NULL;NULL;2;NULL;NULL;NULL;NULL;NULL;NULL;5;5;2
224;2;NULL;NULL;NULL;NULL;NULL;2;NULL;NULL;NULL;NULL;NULL;NULL;3;4;5
225;1;1;2;1;1;NULL;NULL;2;NULL;NULL;NULL;NULL;NULL;3;3;4
226;1;1;1;2;2;NULL;1;1;2;2;1;2;2;5;5;3
227;1;1;3;1;1;NULL;NULL;2;NULL;NULL;NULL;NULL;NULL;10;4;1
228;2;NULL;NULL;NULL;NULL;NULL;1;1;1;1;2;1;1;1;5;4
229;2;NULL;NULL;NULL;NULL;NULL;2;NULL;NULL;NULL;NULL;NULL;NULL;6;1;2
230;1;1;3;2;NULL;3;1;2;NULL;NULL;NULL;NULL;NULL;9;4;2
231;2;1;3;1;2;5;2;NULL;NULL;NULL;NULL;NULL;NULL;4;5;2
232;1;2;NULL;NULL;NULL;NULL;2;NULL;NULL;NULL;NULL;NULL;NULL;5;2;1
233;2;NULL;NULL;NULL;NULL;NULL;1;1;2;1;1;2;2;8;1;5
234;1;2;NULL;NULL;NULL;NULL;1;2;NULL;NULL;NULL;NULL;NULL;1;1;5
235;2;NULL;NULL;NULL;NULL;NULL;2;NULL;NULL;NULL;NULL;NULL;NULL;2;1;5
236;2;NULL;NULL;NULL;NULL;NULL;2;NULL;NULL;NULL;NULL;NULL;NULL;1;2;1
237;1;1;3;2;NULL;3;2;NULL;NULL;NULL;NULL;NULL;NULL;10;2;1
238;1;2;NULL;NULL;NULL;NULL;1;1;1;2;2;1;1;9;4;2
239;2;NULL;NULL;NULL;NULL;NULL;2;NULL;NULL;NULL;NULL;NULL;NULL;10;4;5
240;2;NULL;NULL;NULL;NULL;NULL;2;NULL;NULL;NULL;NULL;NULL;NULL;6;5;4
241;1;1;1;2;NULL;4;1;1;2;1;2;2;1;3;4;3
242;2;NULL;NULL;NULL;NULL;NULL;2;NULL;NULL;NULL;NULL;NULL;NULL;8;4;1
243;1;2;NULL;NULL;NULL;NULL;2;NULL;NULL;NULL;NULL;NULL;NULL;5;2;3
244;1;2;NULL;NULL;NULL;NULL;1;1;1;2;2;1;2;9;5;2
245;2;NULL;NULL;NULL;NULL;NULL;1;1;2;2;1;2;2;4;2;1
246;1;1;1;2;NULL;3;2;NULL;NULL;NULL;NULL;NULL;NULL;7;3;1
247;2;NULL;NULL;NULL;NULL;NULL;1;1;2;1;1;2;1;2;1;5
248;2;NULL;NULL;NULL;NULL;NULL;2;NULL;NULL;NULL;NULL;NULL;NULL;6;2;1
249;2;NULL;NULL;NULL;NULL;NULL;1;1;2;2;1;2;1;1;1;2
250;2;NULL;NULL;NULL;NULL;NULL;2;NULL;NULL;NULL;NULL;NULL;NULL;3;2;4
251;2;NULL;NULL;NULL;NULL;NULL;1;1;2;2;1;1;1;2;3;5
252;1;1;2;2;NULL;1;1;1;1;1;2;1;1;8;4;2
253;2;NULL;NULL;NULL;NULL;NULL;1;1;2;2;2;1;2;10;4;3
254;1;2;NULL;2;NULL;5;1;2;NULL;NULL;NULL;NULL;NULL;1;5;4
255;2;NULL;NULL;NULL;NULL;NULL;2;NULL;NULL;NULL;NULL;NULL;NULL;7;5;5
256;2;NULL;NULL;NULL;NULL;NULL;1;2;NULL;NULL;NULL;NULL;NULL;6;4;2
257;1;1;2;1;3;3;2;NULL;NULL;NULL;NULL;NULL;NULL;2;5;3
258;2;NULL;NULL;NULL;NULL;NULL;1;2;NULL;NULL;NULL;NULL;NULL;7;2;5
259;2;NULL;NULL;NULL;NULL;NULL;1;2;NULL;NULL;NULL;NULL;NULL;4;2;5
260;1;1;2;2;NULL;5;1;1;1;2;2;1;2;10;4;2
261;2;NULL;NULL;NULL;NULL;NULL;2;NULL;NULL;NULL;NULL;NULL;NULL;10;2;1
262;2;NULL;NULL;NULL;NULL;NULL;1;2;1;1;1;2;1;9;1;5
263;1;2;NULL;NULL;NULL;NULL;1;2;NULL;NULL;NULL;NULL;NULL;8;2;5
264;2;NULL;NULL;NULL;NULL;NULL;1;NULL;NULL;NULL;NULL;NULL;NULL;3;1;3
265;1;1;2;2;1;2;2;NULL;NULL;NULL;NULL;NULL;NULL;1;2;1
266;1;1;1;1;3;4;1;2;NULL;NULL;NULL;NULL;NULL;7;4;5
267;2;NULL;NULL;NULL;NULL;NULL;2;NULL;NULL;NULL;NULL;NULL;NULL;2;2;1
268;2;NULL;NULL;NULL;NULL;NULL;1;2;NULL;NULL;NULL;NULL;NULL;1;4;1
269;1;1;3;1;3;5;1;1;1;2;2;2;1;8;2;2
270;1;2;NULL;NULL;NULL;NULL;1;1;2;2;2;1;1;7;3;4
271;1;2;NULL;NULL;NULL;NULL;1;1;2;2;1;2;1;7;1;5
272;2;NULL;NULL;NULL;NULL;NULL;2;NULL;NULL;NULL;NULL;NULL;NULL;9;2;3
273;1;1;1;NULL;NULL;NULL;1;1;1;2;2;1;2;2;4;5
274;2;NULL;NULL;NULL;NULL;NULL;1;1;1;1;2;1;1;1;5;2
275;1;2;NULL;NULL;NULL;NULL;1;2;NULL;NULL;NULL;NULL;NULL;8;3;4
276;1;1;3;2;NULL;4;2;NULL;NULL;NULL;NULL;NULL;NULL;9;4;2
277;2;NULL;NULL;NULL;NULL;NULL;1;1;2;2;1;2;2;10;5;4
278;1;2;NULL;NULL;NULL;NULL;2;NULL;NULL;NULL;NULL;NULL;NULL;1;3;5
279;2;NULL;NULL;NULL;NULL;NULL;2;NULL;NULL;NULL;NULL;NULL;NULL;4;3;4
280;1;2;NULL;NULL;NULL;NULL;2;NULL;NULL;NULL;NULL;NULL;NULL;4;4;3
281;1;1;1;1;1;NULL;NULL;2;NULL;NULL;NULL;NULL;NULL;5;5;3
282;2;NULL;NULL;NULL;NULL;NULL;1;1;1;2;2;2;1;8;3;2
283;1;1;1;2;NULL;4;2;NULL;NULL;NULL;NULL;NULL;NULL;9;4;5
284;2;NULL;NULL;NULL;NULL;NULL;2;NULL;NULL;NULL;NULL;NULL;NULL;3;4;2
285;1;1;3;2;NULL;3;2;1;1;2;1;1;2;3;5;2
286;2;NULL;NULL;NULL;NULL;NULL;2;NULL;NULL;NULL;NULL;NULL;NULL;9;4;2
287;2;NULL;NULL;NULL;NULL;NULL;2;NULL;NULL;NULL;NULL;NULL;NULL;10;2;4
288;1;1;1;2;NULL;3;1;1;1;2;1;1;2;5;1;1
289;2;NULL;NULL;NULL;NULL;NULL;2;NULL;NULL;NULL;NULL;NULL;NULL;2;1;4
290;2;NULL;NULL;NULL;NULL;NULL;2;NULL;NULL;NULL;NULL;NULL;NULL;4;2;3
291;1;1;2;1;1;NULL;NULL;NULL;NULL;NULL;NULL;NULL;NULL;9;3;2
292;2;NULL;NULL;NULL;NULL;NULL;2;NULL;NULL;NULL;NULL;NULL;NULL;3;3;1
293;1;2;NULL;NULL;NULL;NULL;1;2;NULL;NULL;NULL;NULL;NULL;1;3;2
294;1;2;NULL;NULL;NULL;NULL;2;NULL;NULL;NULL;NULL;NULL;NULL;6;3;5
295;1;1;2;2;NULL;4;1;2;NULL;NULL;NULL;NULL;NULL;9;3;2
296;2;NULL;NULL;NULL;NULL;NULL;2;NULL;NULL;NULL;NULL;NULL;NULL;1;5;3
297;2;NULL;NULL;NULL;NULL;NULL;2;NULL;NULL;NULL;NULL;NULL;NULL;2;1;2
298;2;NULL;NULL;NULL;NULL;NULL;2;NULL;NULL;NULL;NULL;NULL;NULL;6;2;5
299;1;2;NULL;NULL;NULL;NULL;2;NULL;NULL;NULL;NULL;NULL;NULL;2;1;4
300;1;1;3;2;NULL;3;2;NULL;NULL;NULL;NULL;NULL;NULL;8;5;3
301;1;1;2;1;3;NULL;2;NULL;NULL;NULL;NULL;NULL;NULL;3;3;2
302;1;2;NULL;NULL;NULL;NULL;1;1;2;2;1;1;2;2;5;2
303;2;NULL;NULL;NULL;NULL;NULL;1;1;2;2;1;1;2;6;4;5
304;2;NULL;NULL;NULL;NULL;NULL;1;1;1;1;1;1;1;6;4;5
305;1;2;NULL;NULL;NULL;NULL;2;NULL;NULL;NULL;NULL;NULL;NULL;5;3;4
306;2;NULL;NULL;NULL;NULL;NULL;2;NULL;NULL;NULL;NULL;NULL;NULL;3;4;3
307;2;NULL;NULL;NULL;NULL;NULL;2;NULL;NULL;NULL;NULL;NULL;NULL;2;2;3
308;1;2;NULL;NULL;NULL;NULL;2;NULL;NULL;NULL;NULL;NULL;NULL;4;2;3
309;2;NULL;NULL;NULL;NULL;NULL;1;2;NULL;NULL;NULL;NULL;NULL;2;5;3
310;2;NULL;NULL;NULL;NULL;NULL;1;2;NULL;NULL;NULL;NULL;NULL;10;2;3
311;2;NULL;NULL;NULL;NULL;NULL;2;NULL;NULL;NULL;NULL;NULL;NULL;8;4;2
312;2;NULL;NULL;NULL;NULL;NULL;1;1;2;1;1;2;1;10;3;1
313;2;NULL;NULL;NULL;NULL;NULL;2;NULL;NULL;NULL;NULL;NULL;NULL;7;4;2
314;1;2;NULL;NULL;NULL;NULL;1;2;NULL;NULL;NULL;NULL;NULL;10;5;2
315;2;NULL;NULL;NULL;NULL;NULL;2;NULL;NULL;NULL;NULL;NULL;NULL;5;5;4
316;2;NULL;NULL;NULL;NULL;NULL;2;NULL;NULL;NULL;NULL;NULL;NULL;9;5;1
317;1;1;3;1;2;1;2;NULL;NULL;NULL;NULL;NULL;NULL;6;3;2
318;2;NULL;NULL;NULL;NULL;NULL;1;2;NULL;NULL;NULL;NULL;NULL;7;3;5
319;1;2;NULL;NULL;NULL;NULL;1;2;NULL;NULL;NULL;NULL;NULL;5;3;1
320;2;NULL;NULL;NULL;NULL;NULL;2;NULL;NULL;NULL;NULL;NULL;NULL;2;5;1
321;1;2;NULL;NULL;NULL;NULL;1;1;2;1;2;2;2;8;2;5
322;1;2;NULL;NULL;NULL;NULL;1;1;1;1;2;2;2;10;5;4
323;1;1;2;2;NULL;5;2;NULL;NULL;NULL;NULL;NULL;NULL;7;5;2
324;2;NULL;NULL;NULL;NULL;NULL;1;2;NULL;NULL;NULL;NULL;NULL;8;2;5
325;1;2;NULL;NULL;NULL;NULL;2;NULL;NULL;NULL;NULL;NULL;NULL;6;5;3
326;1;1;3;2;NULL;2;1;1;1;2;2;2;1;4;5;1
327;1;1;1;2;NULL;NULL;1;1;2;1;2;1;1;4;2;3
328;2;NULL;NULL;NULL;NULL;NULL;1;1;1;2;1;2;2;7;3;5
329;2;NULL;NULL;NULL;NULL;NULL;1;2;NULL;NULL;NULL;NULL;NULL;5;5;4
330;2;NULL;NULL;NULL;NULL;NULL;2;NULL;NULL;NULL;NULL;NULL;NULL;2;2;4
331;2;NULL;NULL;NULL;NULL;NULL;2;NULL;NULL;NULL;NULL;NULL;NULL;10;2;3
332;1;1;3;2;NULL;1;1;2;NULL;NULL;NULL;NULL;NULL;6;4;5
333;1;1;1;2;NULL;4;1;1;1;2;1;2;1;2;3;4
334;2;NULL;NULL;NULL;NULL;NULL;1;1;2;1;2;2;1;8;4;1
335;1;2;NULL;NULL;NULL;NULL;2;NULL;NULL;NULL;NULL;NULL;NULL;7;2;1
336;2;NULL;NULL;NULL;NULL;NULL;1;2;NULL;NULL;NULL;NULL;NULL;8;2;5
337;1;1;1;2;NULL;2;1;1;2;2;1;2;1;10;2;1
338;1;1;1;1;3;2;1;2;NULL;NULL;NULL;NULL;NULL;7;5;3
339;2;NULL;NULL;NULL;NULL;NULL;1;2;NULL;NULL;NULL;NULL;NULL;6;5;4
340;2;NULL;NULL;NULL;NULL;NULL;1;2;NULL;NULL;NULL;NULL;NULL;7;5;2
341;2;NULL;NULL;NULL;NULL;NULL;1;1;2;2;1;1;2;6;1;2
342;2;NULL;NULL;NULL;NULL;NULL;2;NULL;NULL;NULL;NULL;NULL;NULL;7;4;3
343;2;NULL;NULL;NULL;NULL;NULL;1;1;1;2;2;2;2;7;3;4
344;2;NULL;NULL;NULL;NULL;NULL;2;NULL;NULL;NULL;NULL;NULL;NULL;2;3;4
345;2;NULL;NULL;NULL;NULL;NULL;1;2;NULL;NULL;NULL;NULL;NULL;3;5;1
346;1;1;1;2;NULL;3;1;2;NULL;NULL;NULL;NULL;NULL;2;2;1
347;2;NULL;NULL;NULL;NULL;NULL;1;1;2;1;1;1;1;2;1;4
348;2;NULL;NULL;NULL;NULL;NULL;2;NULL;NULL;NULL;NULL;NULL;NULL;3;5;4
349;1;1;1;2;NULL;NULL;1;2;NULL;NULL;NULL;NULL;NULL;2;4;2
350;2;NULL;NULL;NULL;NULL;NULL;2;NULL;NULL;NULL;NULL;NULL;NULL;9;2;5
351;1;1;1;1;1;NULL;NULL;1;2;2;2;2;2;5;1;4
352;2;NULL;NULL;NULL;NULL;NULL;1;1;1;1;1;2;1;6;5;4
353;1;2;NULL;NULL;NULL;NULL;1;1;1;1;2;1;2;8;2;3
354;1;2;NULL;NULL;NULL;NULL;2;NULL;NULL;NULL;NULL;NULL;NULL;10;3;3
355;1;1;2;2;NULL;3;1;1;2;2;1;2;1;5;3;4
356;2;NULL;NULL;NULL;NULL;NULL;2;NULL;NULL;NULL;NULL;NULL;NULL;10;3;4
357;1;1;3;NULL;NULL;NULL;1;1;1;2;1;2;2;10;3;5
358;1;1;2;1;2;5;1;1;1;1;2;2;1;5;5;3
359;1;2;NULL;NULL;NULL;NULL;2;NULL;NULL;NULL;NULL;NULL;NULL;9;3;2
360;2;NULL;NULL;NULL;NULL;NULL;2;NULL;NULL;NULL;NULL;NULL;NULL;7;1;4
361;1;1;2;1;3;2;2;NULL;NULL;NULL;NULL;NULL;NULL;3;4;1
362;2;NULL;NULL;NULL;NULL;NULL;1;2;NULL;NULL;NULL;NULL;NULL;2;5;3
363;2;NULL;NULL;NULL;NULL;NULL;1;2;NULL;NULL;NULL;NULL;NULL;6;1;4
364;1;2;NULL;NULL;NULL;NULL;2;NULL;NULL;NULL;NULL;NULL;NULL;1;2;5
365;2;NULL;NULL;NULL;NULL;NULL;2;NULL;NULL;NULL;NULL;NULL;NULL;1;3;1
366;2;2;NULL;NULL;NULL;NULL;2;NULL;NULL;NULL;NULL;NULL;NULL;2;2;3
367;2;NULL;NULL;NULL;NULL;NULL;1;1;1;2;1;1;1;2;5;2
368;2;NULL;NULL;NULL;NULL;NULL;2;NULL;NULL;NULL;NULL;NULL;NULL;7;4;1
369;1;2;3;NULL;NULL;NULL;1;1;2;1;1;2;1;9;1;2
370;1;2;NULL;NULL;NULL;NULL;1;2;NULL;NULL;NULL;NULL;NULL;6;3;4
371;1;2;NULL;NULL;NULL;NULL;1;2;NULL;NULL;NULL;NULL;NULL;2;1;4
372;2;NULL;NULL;NULL;NULL;NULL;1;1;1;1;1;2;1;6;4;5
373;1;2;NULL;NULL;NULL;NULL;1;1;2;2;2;2;2;5;4;3
374;1;1;2;1;2;NULL;2;NULL;NULL;NULL;NULL;NULL;NULL;1;1;4
375;1;1;1;2;NULL;5;2;NULL;NULL;NULL;NULL;NULL;NULL;2;4;5
376;1;1;3;2;NULL;2;1;2;NULL;NULL;NULL;NULL;NULL;1;4;5
377;1;2;NULL;NULL;NULL;NULL;1;1;2;1;1;1;2;6;1;2
378;2;NULL;NULL;NULL;NULL;NULL;1;2;NULL;NULL;NULL;NULL;NULL;6;4;2
379;2;NULL;NULL;NULL;NULL;NULL;2;NULL;NULL;NULL;NULL;NULL;NULL;6;4;3
380;2;NULL;NULL;NULL;NULL;NULL;2;NULL;NULL;NULL;NULL;NULL;NULL;10;1;2
381;2;NULL;NULL;NULL;NULL;NULL;1;1;2;2;1;1;1;5;3;4
382;2;NULL;NULL;NULL;NULL;NULL;2;NULL;NULL;NULL;NULL;NULL;NULL;2;4;2
383;2;NULL;NULL;NULL;NULL;NULL;1;1;1;2;2;2;1;6;5;2
384;2;NULL;NULL;NULL;NULL;NULL;2;NULL;NULL;NULL;NULL;NULL;NULL;2;5;3
385;2;NULL;NULL;NULL;NULL;NULL;2;NULL;NULL;NULL;NULL;NULL;NULL;5;5;4
386;2;NULL;NULL;NULL;NULL;NULL;1;2;NULL;NULL;NULL;NULL;NULL;5;2;4
387;2;NULL;NULL;NULL;NULL;NULL;2;NULL;NULL;NULL;NULL;NULL;NULL;2;4;5
388;2;NULL;NULL;NULL;NULL;NULL;1;1;2;1;2;1;2;6;1;4
389;2;NULL;NULL;NULL;NULL;NULL;2;NULL;NULL;NULL;NULL;NULL;NULL;9;4;1
390;1;2;NULL;NULL;NULL;NULL;1;2;NULL;NULL;NULL;NULL;NULL;9;2;5
391;1;1;2;2;NULL;3;1;2;NULL;NULL;NULL;NULL;NULL;2;4;3
392;2;NULL;NULL;NULL;NULL;NULL;2;NULL;NULL;NULL;NULL;NULL;NULL;3;3;2
393;2;NULL;NULL;NULL;NULL;NULL;2;NULL;NULL;NULL;NULL;NULL;NULL;4;3;1
394;1;1;1;1;2;5;2;NULL;NULL;NULL;NULL;NULL;NULL;3;5;3
395;1;2;NULL;NULL;NULL;NULL;1;1;1;1;1;2;2;5;5;2
396;2;NULL;NULL;NULL;NULL;NULL;1;2;NULL;NULL;NULL;NULL;NULL;5;4;2
397;2;NULL;NULL;NULL;NULL;NULL;2;NULL;NULL;NULL;NULL;NULL;NULL;9;4;1
398;1;1;2;2;NULL;5;2;NULL;NULL;NULL;NULL;NULL;NULL;4;1;3
399;2;NULL;NULL;NULL;NULL;NULL;1;1;2;2;1;2;2;8;3;4
400;2;NULL;NULL;NULL;NULL;NULL;1;2;NULL;NULL;NULL;NULL;NULL;1;1;1
401;2;NULL;NULL;NULL;NULL;NULL;2;NULL;NULL;NULL;NULL;NULL;NULL;7;5;4
402;1;1;3;1;1;NULL;NULL;1;1;2;1;2;1;7;4;5
403;2;NULL;NULL;NULL;NULL;NULL;2;NULL;NULL;NULL;NULL;NULL;NULL;8;1;5
404;2;NULL;NULL;NULL;NULL;NULL;1;2;NULL;NULL;NULL;NULL;NULL;10;4;3
405;1;1;1;NULL;NULL;NULL;2;NULL;NULL;NULL;NULL;NULL;NULL;1;4;1
406;1;1;1;1;2;4;2;NULL;NULL;NULL;NULL;NULL;NULL;7;4;1
407;2;NULL;NULL;NULL;NULL;NULL;2;NULL;NULL;NULL;NULL;NULL;NULL;8;5;3
408;2;NULL;NULL;NULL;NULL;NULL;1;2;NULL;NULL;NULL;NULL;NULL;10;2;5
409;1;2;NULL;NULL;NULL;NULL;1;1;2;2;1;2;1;9;5;4
410;1;2;NULL;NULL;NULL;NULL;1;1;2;2;1;1;2;9;3;4
411;2;NULL;NULL;NULL;NULL;NULL;1;2;NULL;NULL;NULL;NULL;NULL;9;3;5
412;1;2;NULL;NULL;NULL;NULL;1;2;NULL;NULL;NULL;NULL;NULL;3;1;4
413;2;NULL;NULL;NULL;NULL;NULL;1;2;NULL;NULL;NULL;NULL;NULL;5;2;4
414;1;2;NULL;NULL;NULL;NULL;1;1;2;2;1;2;1;6;3;5
415;2;NULL;NULL;NULL;NULL;NULL;1;1;1;1;1;2;2;2;4;5
416;2;NULL;NULL;NULL;NULL;NULL;2;NULL;NULL;NULL;NULL;NULL;NULL;4;5;4
417;2;NULL;NULL;NULL;NULL;NULL;1;1;2;2;1;2;1;10;5;4
418;1;2;NULL;NULL;NULL;NULL;1;1;2;2;2;2;1;5;1;4
419;1;1;1;1;2;2;2;NULL;NULL;NULL;NULL;NULL;NULL;6;1;2
420;1;1;3;2;NULL;5;2;NULL;NULL;NULL;NULL;NULL;NULL;4;5;1
421;2;NULL;NULL;NULL;NULL;NULL;1;1;1;2;2;1;1;2;1;2
422;1;2;NULL;NULL;NULL;NULL;1;1;2;1;2;1;2;3;1;4
423;1;1;2;2;NULL;2;1;1;1;2;2;1;2;9;4;1
424;2;NULL;NULL;NULL;NULL;NULL;2;NULL;NULL;NULL;NULL;NULL;NULL;7;1;3
425;1;2;NULL;NULL;NULL;NULL;2;NULL;NULL;NULL;NULL;NULL;NULL;2;1;2
426;1;2;NULL;NULL;NULL;NULL;1;1;1;2;1;1;1;1;5;4
427;2;NULL;NULL;NULL;NULL;NULL;1;1;1;2;2;2;1;2;3;4
428;2;NULL;NULL;NULL;NULL;NULL;2;NULL;NULL;NULL;NULL;NULL;NULL;8;5;2
429;2;NULL;NULL;NULL;NULL;NULL;2;NULL;NULL;NULL;NULL;NULL;NULL;1;1;3
430;1;1;1;2;NULL;3;1;1;1;1;2;1;1;10;1;2
431;1;2;NULL;NULL;NULL;NULL;1;1;1;1;1;1;1;5;3;4
432;2;NULL;NULL;NULL;NULL;NULL;2;NULL;NULL;NULL;NULL;NULL;NULL;10;1;4
433;1;2;NULL;NULL;NULL;NULL;2;NULL;NULL;NULL;NULL;NULL;NULL;5;2;5
434;1;1;1;1;3;5;2;NULL;NULL;NULL;NULL;NULL;NULL;8;5;4
435;1;2;NULL;NULL;NULL;NULL;1;1;2;1;2;1;2;4;3;5
436;2;NULL;NULL;NULL;NULL;NULL;1;2;NULL;NULL;NULL;NULL;NULL;12;4;3
437;2;NULL;NULL;NULL;NULL;NULL;2;NULL;NULL;NULL;NULL;NULL;NULL;10;3;4
438;2;NULL;NULL;NULL;NULL;NULL;2;NULL;NULL;NULL;NULL;NULL;NULL;3;5;2
439;1;1;1;1;1;NULL;NULL;NULL;NULL;NULL;NULL;NULL;NULL;8;3;5
440;2;NULL;NULL;NULL;NULL;NULL;1;1;1;2;1;1;2;9;3;4
441;2;NULL;NULL;NULL;NULL;NULL;2;NULL;NULL;NULL;NULL;NULL;NULL;2;3;2
442;1;2;NULL;NULL;NULL;NULL;1;2;NULL;NULL;NULL;NULL;NULL;3;3;1
443;1;2;NULL;NULL;NULL;NULL;2;NULL;NULL;NULL;NULL;NULL;NULL;5;2;4
444;1;2;NULL;NULL;NULL;NULL;2;NULL;NULL;NULL;NULL;NULL;NULL;4;4;3
445;2;NULL;NULL;NULL;NULL;NULL;1;2;NULL;NULL;NULL;NULL;NULL;6;5;2
446;1;1;2;1;1;NULL;NULL;NULL;NULL;NULL;NULL;NULL;NULL;3;3;4
447;2;NULL;NULL;NULL;NULL;NULL;2;NULL;NULL;NULL;NULL;NULL;NULL;3;4;1
448;1;1;3;1;2;4;2;NULL;NULL;NULL;NULL;NULL;NULL;7;4;5
449;2;NULL;NULL;NULL;NULL;NULL;1;1;2;2;1;1;1;7;2;5
450;2;NULL;NULL;NULL;NULL;NULL;1;2;NULL;NULL;NULL;NULL;NULL;6;3;2
451;2;NULL;NULL;NULL;NULL;NULL;2;NULL;NULL;NULL;NULL;NULL;NULL;1;1;4
452;1;1;3;1;1;4;1;1;1;1;2;2;1;3;1;2
453;1;1;3;1;3;1;1;1;1;2;1;1;2;9;5;4
454;2;NULL;NULL;NULL;NULL;NULL;1;2;NULL;NULL;NULL;NULL;NULL;1;3;1
455;1;2;NULL;NULL;NULL;NULL;1;1;2;1;1;2;2;1;3;1
456;1;2;NULL;NULL;NULL;NULL;1;1;1;1;2;1;1;1;2;1
457;1;1;3;2;NULL;4;2;NULL;NULL;NULL;NULL;NULL;NULL;1;1;2
458;1;2;NULL;NULL;NULL;NULL;2;NULL;NULL;NULL;NULL;NULL;NULL;1;1;5
459;2;NULL;NULL;NULL;NULL;NULL;2;NULL;NULL;NULL;NULL;NULL;NULL;11;1;3
460;1;2;NULL;NULL;NULL;NULL;2;NULL;NULL;NULL;NULL;NULL;NULL;9;4;3
461;2;2;NULL;NULL;NULL;NULL;2;NULL;NULL;NULL;NULL;NULL;NULL;4;5;2
462;2;NULL;NULL;NULL;NULL;NULL;2;NULL;NULL;NULL;NULL;NULL;NULL;6;2;5
463;2;NULL;NULL;NULL;NULL;NULL;2;NULL;NULL;NULL;NULL;NULL;NULL;10;1;5
464;1;2;NULL;NULL;NULL;NULL;2;NULL;NULL;NULL;NULL;NULL;NULL;3;1;3
465;1;2;NULL;NULL;NULL;NULL;2;NULL;NULL;NULL;NULL;NULL;NULL;6;4;3
466;1;2;NULL;NULL;NULL;NULL;1;2;NULL;NULL;NULL;NULL;NULL;4;5;4
467;2;NULL;NULL;NULL;NULL;NULL;1;1;1;1;1;2;2;3;4;2
468;2;NULL;NULL;NULL;NULL;NULL;2;NULL;NULL;NULL;NULL;NULL;NULL;10;2;4
469;2;NULL;NULL;NULL;NULL;NULL;2;NULL;NULL;NULL;NULL;NULL;NULL;4;3;1
470;2;NULL;NULL;NULL;NULL;NULL;2;NULL;NULL;NULL;NULL;NULL;NULL;5;5;4
471;2;NULL;NULL;NULL;NULL;NULL;2;NULL;NULL;NULL;NULL;NULL;NULL;7;5;4
472;2;NULL;NULL;NULL;NULL;NULL;2;NULL;NULL;NULL;NULL;NULL;NULL;1;2;1
473;2;NULL;NULL;NULL;NULL;NULL;1;1;2;1;2;1;1;3;1;4
474;2;NULL;NULL;NULL;NULL;NULL;1;1;2;1;2;2;1;9;5;2
475;2;NULL;NULL;NULL;NULL;NULL;2;NULL;NULL;NULL;NULL;NULL;NULL;8;5;3
476;1;2;NULL;NULL;NULL;NULL;2;NULL;NULL;NULL;NULL;NULL;NULL;8;3;2
477;2;NULL;NULL;NULL;NULL;NULL;2;NULL;NULL;NULL;NULL;NULL;NULL;6;2;1
478;1;2;NULL;NULL;NULL;NULL;2;NULL;NULL;NULL;NULL;NULL;NULL;1;5;3
479;2;NULL;NULL;NULL;NULL;NULL;1;1;1;1;1;1;1;6;5;2
480;2;NULL;NULL;NULL;NULL;NULL;2;NULL;NULL;NULL;NULL;NULL;NULL;5;3;4
481;1;2;NULL;NULL;NULL;NULL;2;NULL;NULL;NULL;NULL;NULL;NULL;10;4;1
482;2;NULL;NULL;NULL;NULL;NULL;1;1;2;1;2;2;2;1;3;2
483;2;NULL;NULL;NULL;NULL;NULL;2;NULL;NULL;NULL;NULL;NULL;NULL;8;1;5
484;1;2;NULL;NULL;NULL;NULL;2;NULL;NULL;NULL;NULL;NULL;NULL;2;1;2
485;1;1;1;2;NULL;1;2;NULL;NULL;NULL;NULL;NULL;NULL;3;2;5
486;2;NULL;NULL;NULL;NULL;NULL;2;NULL;NULL;NULL;NULL;NULL;NULL;9;4;5
487;1;1;2;2;2;1;2;NULL;NULL;NULL;NULL;NULL;NULL;8;4;2
488;1;2;NULL;NULL;NULL;NULL;1;2;NULL;NULL;NULL;NULL;NULL;9;5;3
489;2;NULL;NULL;NULL;NULL;NULL;2;NULL;NULL;NULL;NULL;NULL;NULL;6;3;4
490;1;2;NULL;NULL;NULL;NULL;2;NULL;NULL;NULL;NULL;NULL;NULL;8;4;3
491;2;NULL;NULL;NULL;NULL;NULL;2;NULL;NULL;NULL;NULL;NULL;NULL;9;3;2
492;2;NULL;NULL;NULL;NULL;NULL;2;NULL;NULL;NULL;NULL;NULL;NULL;2;1;2
493;1;1;1;2;NULL;1;2;NULL;NULL;NULL;NULL;NULL;NULL;1;2;4
494;1;2;NULL;NULL;NULL;NULL;2;NULL;NULL;NULL;NULL;NULL;NULL;10;3;1
495;1;2;NULL;NULL;NULL;NULL;2;NULL;NULL;NULL;NULL;NULL;NULL;6;3;1
496;2;NULL;NULL;NULL;NULL;NULL;1;2;NULL;NULL;NULL;NULL;NULL;3;1;2
497;1;2;NULL;NULL;NULL;NULL;1;1;NULL;NULL;NULL;NULL;NULL;1;1;2
498;2;NULL;NULL;NULL;NULL;NULL;1;1;2;1;2;1;2;3;4;5
499;1;2;NULL;NULL;NULL;NULL;1;1;2;1;2;2;1;4;5;3
500;1;NULL;NULL;NULL;NULL;NULL;1;2;NULL;NULL;NULL;NULL;NULL;10;5;4
501;2;NULL;NULL;NULL;NULL;NULL;1;1;1;1;2;1;2;2;5;2
502;1;1;1;1;3;4;1;1;2;2;1;2;2;5;3;4
503;1;1;2;1;1;NULL;NULL;NULL;NULL;NULL;NULL;NULL;NULL;9;4;3
504;1;2;NULL;NULL;NULL;NULL;1;1;1;1;1;1;1;7;4;2
505;1;1;3;2;NULL;3;2;NULL;NULL;NULL;NULL;NULL;NULL;5;5;2
506;2;NULL;NULL;NULL;NULL;NULL;2;NULL;NULL;NULL;NULL;NULL;NULL;10;1;4
507;1;1;3;1;3;5;1;2;NULL;NULL;NULL;NULL;NULL;1;4;5
508;1;1;1;2;NULL;4;1;1;1;2;2;2;1;9;2;5
509;1;2;NULL;NULL;NULL;NULL;1;1;1;1;1;1;1;10;4;3
510;1;2;NULL;NULL;NULL;NULL;1;1;2;2;2;2;1;8;5;2
511;1;1;1;2;NULL;2;2;NULL;NULL;NULL;NULL;NULL;NULL;10;2;5
512;1;2;NULL;NULL;NULL;NULL;2;NULL;NULL;NULL;NULL;NULL;NULL;8;2;3
513;2;NULL;NULL;NULL;NULL;NULL;2;NULL;NULL;NULL;NULL;NULL;NULL;10;3;2
514;2;NULL;NULL;NULL;NULL;NULL;1;1;1;2;2;2;2;8;3;4
515;1;1;1;1;1;NULL;NULL;1;1;2;2;2;1;3;5;2
516;2;NULL;NULL;NULL;NULL;NULL;1;2;NULL;NULL;NULL;NULL;NULL;10;5;1
517;1;1;1;1;3;5;1;1;2;1;2;1;2;11;1;3
518;2;NULL;NULL;NULL;NULL;NULL;2;NULL;NULL;NULL;NULL;NULL;NULL;6;2;3
519;2;NULL;NULL;NULL;NULL;NULL;2;NULL;NULL;NULL;NULL;NULL;NULL;7;4;3
520;1;2;NULL;NULL;NULL;NULL;2;NULL;NULL;NULL;NULL;NULL;NULL;2;1;5
521;1;1;2;1;1;NULL;NULL;1;2;1;1;2;2;9;1;2
522;1;2;NULL;NULL;NULL;NULL;1;2;NULL;NULL;NULL;NULL;NULL;3;1;3
523;1;1;3;2;NULL;5;2;NULL;NULL;NULL;NULL;NULL;NULL;2;4;5
524;1;1;1;1;2;4;1;2;NULL;NULL;NULL;NULL;NULL;3;3;2
525;2;NULL;NULL;NULL;NULL;NULL;2;NULL;NULL;NULL;NULL;NULL;NULL;4;1;4
526;2;NULL;NULL;NULL;NULL;NULL;1;2;NULL;NULL;NULL;NULL;NULL;8;2;1
527;1;1;2;1;2;1;1;2;NULL;NULL;NULL;NULL;NULL;6;4;5
528;1;1;3;2;NULL;2;1;2;NULL;NULL;NULL;NULL;NULL;2;3;4
529;2;NULL;NULL;NULL;NULL;NULL;2;NULL;NULL;NULL;NULL;NULL;NULL;9;1;2
530;2;NULL;NULL;NULL;NULL;NULL;1;2;NULL;NULL;NULL;NULL;NULL;6;2;1
531;2;NULL;NULL;NULL;NULL;NULL;1;1;1;1;2;1;2;8;1;3
532;1;2;NULL;NULL;NULL;NULL;1;2;NULL;NULL;NULL;NULL;NULL;8;5;4
533;1;1;2;1;1;NULL;NULL;2;NULL;NULL;NULL;NULL;NULL;7;1;2
534;2;NULL;NULL;NULL;NULL;NULL;2;NULL;NULL;NULL;NULL;NULL;NULL;3;5;3
535;2;NULL;NULL;NULL;NULL;NULL;1;1;2;1;2;1;2;2;1;4
536;2;NULL;NULL;NULL;NULL;NULL;2;NULL;NULL;NULL;NULL;NULL;NULL;3;2;4
537;2;NULL;NULL;NULL;NULL;NULL;2;NULL;NULL;NULL;NULL;NULL;NULL;4;5;5
538;2;NULL;NULL;NULL;NULL;NULL;1;1;2;2;2;1;1;10;4;3
539;2;NULL;NULL;NULL;NULL;NULL;2;NULL;NULL;NULL;NULL;NULL;NULL;2;2;3
540;1;2;NULL;NULL;NULL;NULL;2;NULL;NULL;NULL;NULL;NULL;NULL;6;2;3
541;1;1;1;2;NULL;2;1;2;NULL;NULL;NULL;NULL;NULL;9;4;3
542;1;1;2;NULL;NULL;NULL;1;2;NULL;NULL;NULL;NULL;NULL;7;5;4
543;2;NULL;NULL;NULL;NULL;NULL;2;NULL;NULL;NULL;NULL;NULL;NULL;9;5;1
544;1;2;NULL;NULL;NULL;NULL;1;1;1;1;2;1;1;3;3;4
545;2;NULL;NULL;NULL;NULL;NULL;2;NULL;NULL;NULL;NULL;NULL;NULL;1;5;1
546;2;NULL;NULL;NULL;NULL;NULL;1;2;NULL;NULL;NULL;NULL;NULL;6;2;1
547;1;2;NULL;NULL;NULL;NULL;1;1;2;2;2;1;1;5;1;2
548;1;1;2;1;1;NULL;NULL;NULL;NULL;NULL;NULL;NULL;NULL;9;5;3
549;1;2;NULL;NULL;NULL;NULL;1;1;2;1;2;2;1;3;5;4
550;1;2;NULL;NULL;NULL;NULL;1;2;NULL;NULL;NULL;NULL;NULL;8;1;2
551;2;NULL;NULL;NULL;NULL;NULL;2;NULL;NULL;NULL;NULL;NULL;NULL;5;4;3
552;1;1;3;1;2;5;2;NULL;NULL;NULL;NULL;NULL;NULL;3;2;3
553;2;NULL;NULL;NULL;NULL;NULL;2;NULL;NULL;NULL;NULL;NULL;NULL;6;1;5
554;2;NULL;NULL;NULL;NULL;NULL;1;2;NULL;NULL;NULL;NULL;NULL;5;3;2
555;2;NULL;NULL;NULL;NULL;NULL;2;NULL;NULL;NULL;NULL;NULL;NULL;4;3;4
556;1;2;NULL;NULL;NULL;NULL;1;1;2;2;1;2;2;6;3;5
557;2;NULL;NULL;NULL;NULL;NULL;2;NULL;NULL;NULL;NULL;NULL;NULL;2;1;5
558;2;NULL;NULL;NULL;NULL;NULL;2;1;2;1;1;1;2;6;2;1
559;2;NULL;NULL;NULL;NULL;NULL;1;2;NULL;NULL;NULL;NULL;NULL;6;4;3
560;1;1;3;2;NULL;2;1;1;2;1;1;1;2;6;5;1
561;1;2;NULL;NULL;NULL;NULL;1;1;1;1;2;2;2;5;2;3
562;1;2;NULL;NULL;NULL;NULL;2;NULL;NULL;NULL;NULL;NULL;NULL;9;5;2
563;2;NULL;NULL;NULL;NULL;NULL;1;2;NULL;NULL;NULL;NULL;NULL;4;3;2
564;1;1;1;2;NULL;4;2;NULL;NULL;NULL;NULL;NULL;NULL;4;5;2
565;2;NULL;NULL;NULL;NULL;NULL;2;NULL;NULL;NULL;NULL;NULL;NULL;6;3;2
566;2;NULL;NULL;NULL;NULL;NULL;2;NULL;NULL;NULL;NULL;NULL;NULL;4;3;2
567;1;2;NULL;NULL;NULL;NULL;1;2;NULL;NULL;NULL;NULL;NULL;7;5;3
568;1;2;NULL;NULL;NULL;NULL;2;NULL;NULL;NULL;NULL;NULL;NULL;2;4;1
569;2;NULL;NULL;NULL;NULL;NULL;1;2;NULL;NULL;NULL;NULL;NULL;2;4;5
570;1;2;NULL;NULL;NULL;NULL;2;NULL;NULL;NULL;NULL;NULL;NULL;8;1;5
571;1;1;2;2;NULL;1;2;NULL;NULL;NULL;NULL;NULL;NULL;9;3;2
572;1;1;2;2;NULL;1;1;2;NULL;NULL;NULL;NULL;NULL;4;5;2
573;1;1;2;1;1;NULL;NULL;2;NULL;NULL;NULL;NULL;NULL;10;5;3
574;2;NULL;NULL;NULL;NULL;NULL;2;NULL;NULL;NULL;NULL;NULL;NULL;8;4;2
575;1;1;1;2;NULL;4;1;1;2;2;1;2;2;4;2;4
576;2;NULL;NULL;NULL;NULL;NULL;1;2;NULL;NULL;NULL;NULL;NULL;3;4;2
577;2;NULL;NULL;NULL;NULL;NULL;1;1;1;1;2;1;2;9;2;3
578;1;2;NULL;NULL;NULL;NULL;2;NULL;NULL;NULL;NULL;NULL;NULL;4;5;4
579;1;1;2;2;NULL;4;2;NULL;NULL;NULL;NULL;NULL;NULL;9;2;5
580;1;2;NULL;NULL;NULL;NULL;1;1;2;2;2;2;2;7;5;3
581;1;2;NULL;NULL;NULL;NULL;1;1;1;2;2;2;1;9;3;1
582;2;NULL;NULL;NULL;NULL;NULL;2;NULL;NULL;NULL;NULL;NULL;NULL;2;3;1
583;2;NULL;NULL;NULL;NULL;NULL;2;NULL;NULL;NULL;NULL;NULL;NULL;3;1;5
584;2;NULL;NULL;NULL;NULL;NULL;2;NULL;NULL;NULL;NULL;NULL;NULL;7;1;4
585;1;1;3;1;2;1;2;NULL;NULL;NULL;NULL;NULL;NULL;10;4;1
586;1;1;3;2;NULL;3;1;1;1;2;2;2;1;2;5;2
587;1;1;1;1;3;3;1;1;1;1;2;2;1;9;5;1
588;2;NULL;NULL;NULL;NULL;NULL;2;NULL;NULL;NULL;NULL;NULL;NULL;2;4;1
589;1;2;NULL;NULL;NULL;NULL;2;NULL;NULL;NULL;NULL;NULL;NULL;5;2;4
590;1;2;NULL;NULL;NULL;NULL;1;2;NULL;NULL;NULL;NULL;NULL;9;3;4
591;1;1;3;1;1;NULL;NULL;1;1;1;2;1;1;9;1;3
592;1;2;NULL;NULL;NULL;NULL;1;1;1;1;1;1;2;1;1;3
593;1;1;1;2;NULL;2;1;1;1;1;1;2;1;5;5;3
594;2;NULL;NULL;NULL;NULL;NULL;2;NULL;NULL;NULL;NULL;NULL;NULL;4;4;1
595;2;NULL;NULL;NULL;NULL;NULL;2;NULL;NULL;NULL;NULL;NULL;NULL;6;2;1
596;1;1;3;2;NULL;2;1;2;NULL;NULL;NULL;NULL;NULL;12;4;5
597;2;NULL;NULL;NULL;NULL;NULL;2;NULL;NULL;NULL;NULL;NULL;NULL;9;5;3
598;2;NULL;NULL;NULL;NULL;NULL;2;NULL;NULL;NULL;NULL;NULL;NULL;4;4;1
599;2;NULL;NULL;NULL;NULL;NULL;1;2;NULL;NULL;NULL;NULL;NULL;3;5;4
600;2;NULL;NULL;NULL;NULL;NULL;2;NULL;NULL;NULL;NULL;NULL;NULL;10;3;5
601;1;1;1;1;1;NULL;NULL;NULL;NULL;NULL;NULL;NULL;NULL;7;2;1
602;1;2;NULL;NULL;NULL;NULL;2;NULL;NULL;NULL;NULL;NULL;NULL;7;1;4
603;2;NULL;NULL;NULL;NULL;NULL;2;NULL;NULL;NULL;NULL;NULL;NULL;6;3;2
604;1;2;NULL;NULL;NULL;NULL;2;NULL;NULL;NULL;NULL;NULL;NULL;2;4;1
605;1;1;1;2;NULL;1;2;NULL;NULL;NULL;NULL;NULL;NULL;3;5;4
606;2;NULL;NULL;NULL;NULL;NULL;2;NULL;NULL;NULL;NULL;NULL;NULL;5;3;2
607;1;1;3;1;3;4;1;1;2;2;1;2;1;9;4;5
608;2;NULL;NULL;NULL;NULL;NULL;1;1;1;1;1;1;1;8;5;4
609;1;2;NULL;NULL;NULL;NULL;2;NULL;NULL;NULL;NULL;NULL;NULL;1;1;3
610;2;NULL;NULL;NULL;NULL;NULL;2;NULL;NULL;NULL;NULL;NULL;NULL;4;3;4
611;2;NULL;NULL;NULL;NULL;NULL;2;NULL;NULL;NULL;NULL;NULL;NULL;2;1;5
612;1;1;2;1;3;2;2;NULL;NULL;NULL;NULL;NULL;NULL;3;1;2
613;1;1;3;1;1;5;1;2;NULL;NULL;NULL;NULL;NULL;6;4;1
614;1;1;1;1;NULL;4;1;1;1;2;1;2;1;7;5;2
615;2;NULL;NULL;NULL;NULL;NULL;2;NULL;NULL;NULL;NULL;NULL;NULL;7;4;5
616;2;NULL;NULL;NULL;NULL;NULL;1;1;2;2;2;2;1;3;2;5
617;2;NULL;NULL;NULL;NULL;NULL;1;1;2;2;2;1;1;10;4;1
618;2;NULL;NULL;NULL;NULL;NULL;2;NULL;NULL;NULL;NULL;NULL;NULL;3;3;1
619;1;2;NULL;NULL;NULL;NULL;1;2;NULL;NULL;NULL;NULL;NULL;2;3;1
620;2;NULL;NULL;NULL;NULL;NULL;1;2;NULL;NULL;NULL;NULL;NULL;1;1;2
621;1;1;3;1;2;NULL;2;NULL;NULL;NULL;NULL;NULL;NULL;3;4;3
622;1;2;NULL;NULL;NULL;NULL;2;NULL;NULL;NULL;NULL;NULL;NULL;6;5;4
623;2;NULL;NULL;NULL;NULL;NULL;1;1;1;1;2;1;2;10;4;2
624;1;1;NULL;2;NULL;4;2;NULL;NULL;NULL;NULL;NULL;NULL;6;4;3
625;2;NULL;NULL;NULL;NULL;NULL;1;2;NULL;NULL;NULL;NULL;NULL;7;1;5
626;2;NULL;NULL;NULL;NULL;NULL;2;NULL;NULL;NULL;NULL;NULL;NULL;9;5;2
627;2;NULL;NULL;NULL;NULL;NULL;2;NULL;NULL;NULL;NULL;NULL;NULL;6;4;1
628;1;1;2;2;NULL;2;2;NULL;NULL;NULL;NULL;NULL;NULL;4;4;2
629;1;1;2;2;NULL;1;1;1;2;2;1;1;2;10;1;4
630;1;1;3;2;NULL;4;2;NULL;NULL;NULL;NULL;NULL;NULL;7;1;4
631;2;NULL;NULL;NULL;NULL;NULL;2;NULL;NULL;NULL;NULL;NULL;NULL;3;4;1
632;2;NULL;NULL;NULL;NULL;NULL;1;2;NULL;NULL;NULL;NULL;NULL;7;3;1
633;1;1;2;2;NULL;1;2;1;1;2;2;2;1;3;4;5
634;1;1;1;2;NULL;2;2;NULL;NULL;NULL;NULL;NULL;NULL;10;1;4
635;1;1;3;1;2;3;2;NULL;NULL;NULL;NULL;NULL;NULL;10;3;5
636;1;1;1;1;3;5;2;NULL;NULL;NULL;NULL;NULL;NULL;2;1;4
637;1;2;NULL;NULL;NULL;NULL;2;NULL;NULL;NULL;NULL;NULL;NULL;5;3;2
638;2;NULL;NULL;NULL;NULL;NULL;1;2;NULL;NULL;NULL;NULL;NULL;6;5;3
639;1;2;NULL;NULL;NULL;NULL;2;NULL;NULL;NULL;NULL;NULL;NULL;1;3;1
640;1;2;NULL;NULL;NULL;NULL;1;1;1;2;2;1;1;2;3;2
641;2;NULL;NULL;NULL;NULL;NULL;1;2;NULL;NULL;NULL;NULL;NULL;10;5;1
642;2;NULL;NULL;NULL;NULL;NULL;1;1;2;1;2;2;1;10;4;3
643;2;NULL;NULL;NULL;NULL;NULL;2;NULL;NULL;NULL;NULL;NULL;NULL;1;3;2
644;1;2;NULL;NULL;NULL;NULL;2;NULL;NULL;NULL;NULL;NULL;NULL;8;3;4
645;1;2;NULL;NULL;NULL;NULL;2;NULL;NULL;NULL;NULL;NULL;NULL;7;1;4
646;1;2;2;NULL;NULL;NULL;1;2;NULL;NULL;NULL;NULL;NULL;8;1;3
647;1;2;NULL;NULL;NULL;NULL;1;2;NULL;NULL;NULL;NULL;NULL;2;1;2
648;2;NULL;NULL;NULL;NULL;NULL;1;1;1;1;2;1;2;1;2;4
649;2;NULL;NULL;NULL;NULL;NULL;2;NULL;NULL;NULL;NULL;NULL;NULL;8;1;2
650;1;1;2;2;NULL;5;2;NULL;NULL;NULL;NULL;NULL;NULL;5;3;2
651;2;NULL;NULL;NULL;NULL;NULL;2;NULL;NULL;NULL;NULL;NULL;NULL;1;3;1
652;2;NULL;NULL;NULL;NULL;NULL;1;NULL;NULL;NULL;NULL;NULL;NULL;10;5;3
653;2;NULL;NULL;NULL;NULL;NULL;1;1;2;1;1;2;2;2;1;2
654;2;NULL;NULL;NULL;NULL;NULL;1;1;2;2;2;1;2;8;2;1
655;2;NULL;NULL;NULL;NULL;NULL;1;2;NULL;NULL;NULL;NULL;NULL;5;4;3
656;2;NULL;NULL;NULL;NULL;NULL;2;NULL;NULL;NULL;NULL;NULL;NULL;2;5;3
657;2;NULL;NULL;NULL;NULL;NULL;1;2;NULL;NULL;NULL;NULL;NULL;4;4;5
658;1;2;NULL;NULL;NULL;NULL;1;2;NULL;NULL;NULL;NULL;NULL;5;4;5
659;2;NULL;NULL;NULL;NULL;NULL;1;2;NULL;NULL;NULL;NULL;NULL;6;2;4
660;2;NULL;NULL;NULL;NULL;NULL;2;NULL;NULL;NULL;NULL;NULL;NULL;2;4;4
661;1;2;NULL;NULL;NULL;NULL;2;NULL;NULL;NULL;NULL;NULL;NULL;8;2;1
662;2;NULL;NULL;NULL;NULL;NULL;2;NULL;NULL;NULL;NULL;NULL;NULL;8;1;2
663;2;NULL;NULL;NULL;NULL;NULL;1;2;NULL;NULL;NULL;NULL;NULL;6;5;3
664;2;NULL;NULL;NULL;NULL;NULL;1;1;1;2;2;1;2;6;5;4
665;2;NULL;NULL;NULL;NULL;NULL;1;1;1;2;1;1;2;5;5;3
666;1;1;1;2;NULL;3;1;2;NULL;NULL;NULL;NULL;NULL;2;1;4
667;2;NULL;NULL;NULL;NULL;NULL;2;NULL;NULL;NULL;NULL;NULL;NULL;5;2;4
668;1;1;2;2;NULL;4;1;2;NULL;NULL;NULL;NULL;NULL;4;1;3
669;1;2;NULL;NULL;NULL;NULL;2;NULL;NULL;NULL;NULL;NULL;NULL;1;2;4
670;1;2;NULL;NULL;NULL;NULL;2;NULL;NULL;NULL;NULL;NULL;NULL;5;3;5
671;2;NULL;NULL;NULL;NULL;NULL;2;NULL;NULL;NULL;NULL;NULL;NULL;9;5;3
672;1;2;NULL;NULL;NULL;NULL;1;2;NULL;NULL;NULL;NULL;NULL;4;2;3
673;2;2;NULL;NULL;NULL;NULL;1;2;NULL;NULL;NULL;NULL;NULL;9;4;1
674;2;NULL;NULL;NULL;NULL;NULL;2;NULL;NULL;NULL;NULL;NULL;NULL;3;2;4
675;1;1;1;1;1;NULL;NULL;1;1;1;1;2;2;1;1;5
676;1;1;2;2;NULL;5;2;NULL;NULL;NULL;NULL;NULL;NULL;9;3;5
677;1;2;NULL;NULL;NULL;NULL;2;NULL;NULL;NULL;NULL;NULL;NULL;10;1;4
678;1;2;NULL;NULL;NULL;NULL;2;NULL;NULL;NULL;NULL;NULL;NULL;1;5;2
679;2;NULL;NULL;NULL;NULL;NULL;1;1;2;2;1;1;2;3;2;4
680;2;NULL;NULL;NULL;NULL;NULL;2;NULL;NULL;NULL;NULL;NULL;NULL;7;4;5
681;1;2;NULL;NULL;NULL;NULL;2;NULL;NULL;NULL;NULL;NULL;NULL;7;3;5
682;2;NULL;NULL;NULL;NULL;NULL;1;1;1;1;1;1;2;7;1;3
683;1;1;2;1;2;1;1;1;2;2;1;2;1;1;2;4
684;2;NULL;NULL;NULL;NULL;NULL;1;1;2;2;1;1;1;9;4;5
685;2;NULL;NULL;NULL;NULL;NULL;1;1;1;2;2;2;1;1;3;1
686;2;NULL;NULL;NULL;NULL;NULL;1;2;NULL;NULL;NULL;NULL;NULL;4;4;2
687;1;1;3;2;NULL;2;2;NULL;NULL;NULL;NULL;NULL;NULL;5;1;5
688;1;1;1;2;NULL;3;1;1;2;1;2;2;1;6;1;2
689;2;NULL;NULL;NULL;NULL;NULL;2;NULL;NULL;NULL;NULL;NULL;NULL;8;1;5
690;1;2;NULL;NULL;NULL;NULL;2;NULL;NULL;NULL;NULL;NULL;NULL;2;3;4
691;1;1;3;1;3;4;1;1;1;1;1;2;1;3;3;5
692;1;2;NULL;NULL;NULL;NULL;2;NULL;NULL;NULL;NULL;NULL;NULL;3;3;2
693;2;NULL;NULL;NULL;NULL;NULL;2;NULL;NULL;NULL;NULL;NULL;NULL;3;4;5
694;1;1;2;1;1;NULL;NULL;NULL;NULL;NULL;NULL;NULL;NULL;2;4;3
695;2;NULL;NULL;NULL;NULL;NULL;1;2;NULL;NULL;NULL;NULL;NULL;9;1;5
696;2;NULL;NULL;NULL;NULL;NULL;1;1;1;2;2;2;1;9;2;1
697;2;NULL;NULL;NULL;NULL;NULL;2;NULL;NULL;NULL;NULL;NULL;NULL;4;3;2
698;1;2;NULL;NULL;NULL;NULL;2;NULL;NULL;NULL;NULL;NULL;NULL;2;1;4
699;1;1;3;2;NULL;3;1;1;2;1;1;1;1;9;1;2
700;1;2;NULL;NULL;NULL;NULL;1;1;2;2;2;1;2;5;5;1
701;2;NULL;NULL;NULL;NULL;NULL;2;NULL;NULL;NULL;NULL;NULL;NULL;9;1;5
702;1;1;2;2;1;1;1;2;NULL;NULL;NULL;NULL;NULL;4;1;5
703;1;1;1;1;2;4;1;2;NULL;NULL;NULL;NULL;NULL;5;3;1
704;1;1;1;2;NULL;2;2;NULL;NULL;NULL;NULL;NULL;NULL;4;4;2
705;1;2;NULL;NULL;NULL;NULL;1;1;1;2;2;1;1;1;4;5
706;2;NULL;NULL;NULL;NULL;NULL;2;NULL;NULL;NULL;NULL;NULL;NULL;5;1;5
707;1;2;NULL;NULL;NULL;NULL;2;NULL;NULL;NULL;NULL;NULL;NULL;3;3;4
708;1;2;NULL;NULL;NULL;NULL;2;NULL;NULL;NULL;NULL;NULL;NULL;6;1;2
709;2;NULL;NULL;NULL;NULL;NULL;1;1;2;2;1;2;2;6;2;5
710;1;2;NULL;NULL;NULL;NULL;2;NULL;NULL;NULL;NULL;NULL;NULL;1;5;2
711;1;1;3;2;NULL;4;1;2;NULL;NULL;NULL;NULL;NULL;3;3;4
712;2;NULL;NULL;NULL;NULL;NULL;1;1;1;2;2;2;2;10;1;4
713;2;NULL;NULL;NULL;NULL;NULL;2;NULL;NULL;NULL;NULL;NULL;NULL;6;4;1
714;2;NULL;NULL;NULL;NULL;NULL;1;1;1;2;1;2;1;8;5;2
715;2;NULL;NULL;NULL;NULL;NULL;2;NULL;NULL;NULL;NULL;NULL;NULL;5;2;3
716;2;NULL;NULL;NULL;NULL;NULL;2;NULL;NULL;NULL;NULL;NULL;NULL;10;2;5
717;2;NULL;NULL;NULL;NULL;NULL;2;NULL;NULL;NULL;NULL;NULL;NULL;7;1;4
718;2;NULL;NULL;NULL;NULL;NULL;2;NULL;NULL;NULL;NULL;NULL;NULL;3;3;2
719;1;2;NULL;NULL;NULL;NULL;1;2;NULL;NULL;NULL;NULL;NULL;4;2;1
720;1;2;NULL;NULL;NULL;NULL;1;2;NULL;NULL;NULL;NULL;NULL;8;4;2
721;2;NULL;NULL;NULL;NULL;NULL;2;NULL;NULL;NULL;NULL;NULL;NULL;4;2;1
722;2;NULL;NULL;NULL;NULL;NULL;1;1;1;1;2;2;1;4;2;4
723;2;NULL;NULL;NULL;NULL;NULL;2;NULL;NULL;NULL;NULL;NULL;NULL;10;3;1
724;1;1;1;2;NULL;3;2;NULL;NULL;NULL;NULL;NULL;NULL;1;5;1
725;2;NULL;NULL;NULL;NULL;NULL;2;NULL;NULL;NULL;NULL;NULL;NULL;2;2;1
726;2;NULL;NULL;NULL;NULL;NULL;2;NULL;NULL;NULL;NULL;NULL;NULL;3;3;5
727;1;1;3;1;3;3;1;2;NULL;NULL;NULL;NULL;NULL;1;3;4
728;1;1;1;2;NULL;4;1;2;NULL;NULL;NULL;NULL;NULL;2;2;3
729;1;1;2;2;NULL;5;2;NULL;NULL;NULL;NULL;NULL;NULL;8;1;4
730;1;2;NULL;NULL;NULL;NULL;2;NULL;NULL;NULL;NULL;NULL;NULL;9;2;1
731;2;NULL;NULL;NULL;NULL;NULL;1;2;NULL;NULL;NULL;NULL;NULL;10;1;5
732;2;NULL;NULL;NULL;NULL;NULL;2;NULL;NULL;NULL;NULL;NULL;NULL;5;5;3
733;1;2;NULL;NULL;NULL;NULL;2;NULL;NULL;NULL;NULL;NULL;NULL;9;3;1
734;1;1;2;1;2;3;2;NULL;NULL;NULL;NULL;NULL;NULL;4;3;1
735;1;1;3;1;2;1;1;1;1;2;1;1;2;8;3;5
736;2;NULL;NULL;NULL;NULL;NULL;2;NULL;NULL;NULL;NULL;NULL;NULL;10;2;4
737;2;NULL;NULL;NULL;NULL;NULL;1;2;NULL;NULL;NULL;NULL;NULL;8;3;2
738;1;2;NULL;NULL;NULL;NULL;2;NULL;NULL;NULL;NULL;NULL;NULL;8;3;4
739;2;NULL;NULL;NULL;NULL;NULL;1;2;NULL;NULL;NULL;NULL;NULL;8;2;1
740;1;2;NULL;NULL;NULL;NULL;1;1;1;2;2;2;2;9;4;1
741;2;NULL;NULL;NULL;NULL;NULL;1;NULL;NULL;NULL;NULL;NULL;NULL;1;1;5
742;2;NULL;NULL;NULL;NULL;NULL;2;NULL;NULL;NULL;NULL;NULL;NULL;1;2;3
743;1;2;NULL;NULL;NULL;NULL;2;NULL;NULL;NULL;NULL;NULL;NULL;4;2;4
744;2;NULL;NULL;NULL;NULL;NULL;1;1;2;1;2;1;2;10;2;1
745;1;1;2;2;NULL;5;1;1;2;2;2;1;1;7;4;3
746;2;NULL;NULL;NULL;NULL;NULL;1;2;NULL;NULL;NULL;NULL;NULL;8;4;3
747;1;1;1;1;2;4;1;2;NULL;NULL;NULL;NULL;NULL;1;4;5
748;2;NULL;NULL;NULL;NULL;NULL;2;NULL;NULL;NULL;NULL;NULL;NULL;6;1;5
749;2;NULL;NULL;NULL;NULL;NULL;2;NULL;NULL;NULL;NULL;NULL;NULL;5;5;1
750;2;NULL;NULL;NULL;NULL;NULL;2;NULL;NULL;NULL;NULL;NULL;NULL;5;5;2
751;1;2;NULL;NULL;NULL;NULL;1;2;NULL;NULL;NULL;NULL;NULL;3;2;1
752;2;NULL;NULL;NULL;NULL;NULL;2;NULL;NULL;NULL;NULL;NULL;NULL;2;3;4
753;2;NULL;NULL;NULL;NULL;NULL;2;NULL;NULL;NULL;NULL;NULL;NULL;5;5;2
754;1;1;2;1;2;4;2;NULL;NULL;NULL;NULL;NULL;NULL;4;4;1
755;2;NULL;NULL;NULL;NULL;NULL;2;NULL;NULL;NULL;NULL;NULL;NULL;1;5;2
756;1;2;NULL;NULL;NULL;NULL;2;NULL;NULL;NULL;NULL;NULL;NULL;2;2;5
757;1;1;1;1;3;3;2;NULL;NULL;NULL;NULL;NULL;NULL;9;1;2
758;1;2;NULL;NULL;NULL;NULL;1;1;2;2;2;1;2;10;4;3
759;2;NULL;NULL;NULL;NULL;NULL;1;1;2;1;1;2;1;8;2;3
760;2;NULL;NULL;NULL;NULL;NULL;2;NULL;NULL;NULL;NULL;NULL;NULL;2;5;3
761;2;NULL;NULL;NULL;NULL;NULL;1;2;NULL;NULL;NULL;NULL;NULL;10;2;5
762;1;1;2;2;NULL;3;2;NULL;NULL;NULL;NULL;NULL;NULL;10;5;1
763;2;NULL;NULL;NULL;NULL;NULL;1;1;2;1;2;1;2;9;3;4
764;2;NULL;NULL;NULL;NULL;NULL;1;2;NULL;NULL;NULL;NULL;NULL;2;5;2
765;1;1;2;1;1;NULL;NULL;NULL;NULL;NULL;NULL;NULL;NULL;5;1;3
766;2;NULL;NULL;NULL;NULL;NULL;2;NULL;NULL;NULL;NULL;NULL;NULL;5;1;4
767;2;NULL;NULL;NULL;NULL;NULL;1;2;NULL;NULL;NULL;NULL;NULL;2;1;4
768;2;NULL;NULL;NULL;NULL;NULL;2;NULL;NULL;NULL;NULL;NULL;NULL;7;3;3
769;1;2;NULL;NULL;NULL;NULL;2;NULL;NULL;NULL;NULL;NULL;NULL;3;1;3
770;1;2;NULL;NULL;NULL;NULL;2;NULL;NULL;NULL;NULL;NULL;NULL;7;4;3
771;2;NULL;NULL;NULL;NULL;NULL;1;2;NULL;NULL;NULL;NULL;NULL;5;4;5
772;1;2;NULL;NULL;NULL;NULL;1;1;2;2;2;2;2;4;1;3
773;1;2;NULL;NULL;NULL;NULL;1;2;NULL;NULL;NULL;NULL;NULL;5;1;2
774;1;1;3;2;NULL;2;1;2;NULL;NULL;NULL;NULL;NULL;8;3;2
775;1;1;1;2;NULL;3;2;NULL;NULL;NULL;NULL;NULL;NULL;8;2;1
776;2;NULL;NULL;NULL;NULL;NULL;1;2;NULL;NULL;NULL;NULL;NULL;6;2;3
777;1;1;1;1;1;NULL;NULL;1;2;1;2;1;1;1;5;4
778;2;NULL;NULL;NULL;NULL;NULL;1;1;1;1;1;2;2;2;5;2
779;2;NULL;NULL;NULL;NULL;NULL;1;1;2;1;2;1;2;3;4;3
780;2;NULL;NULL;NULL;NULL;NULL;2;NULL;NULL;NULL;NULL;NULL;NULL;7;2;5
781;2;NULL;NULL;NULL;NULL;NULL;1;1;1;2;1;1;2;5;2;5
782;2;NULL;NULL;NULL;NULL;NULL;2;NULL;NULL;NULL;NULL;NULL;NULL;3;3;4
783;1;2;NULL;NULL;NULL;NULL;1;1;1;2;2;2;1;1;5;2
784;1;2;NULL;NULL;NULL;NULL;1;2;NULL;NULL;NULL;NULL;NULL;6;5;1
785;2;NULL;NULL;NULL;NULL;NULL;1;2;NULL;NULL;NULL;NULL;NULL;1;1;3
786;2;NULL;NULL;NULL;NULL;NULL;1;1;2;1;1;2;2;5;3;1
787;1;1;2;2;NULL;1;2;NULL;NULL;NULL;NULL;NULL;NULL;4;5;3
788;1;2;NULL;NULL;NULL;NULL;2;NULL;NULL;NULL;NULL;NULL;NULL;2;2;4
789;2;NULL;NULL;NULL;NULL;NULL;2;NULL;NULL;NULL;NULL;NULL;NULL;8;1;3
790;2;NULL;NULL;NULL;NULL;NULL;2;NULL;NULL;NULL;NULL;NULL;NULL;1;2;2
791;1;2;NULL;NULL;NULL;NULL;2;NULL;NULL;NULL;NULL;NULL;NULL;6;1;2
792;1;1;1;1;2;4;1;1;2;1;2;1;1;10;2;3
793;1;1;3;1;3;4;1;1;2;1;2;1;1;6;1;3
794;2;1;3;1;2;5;1;1;2;1;2;2;1;8;5;3
795;1;2;NULL;NULL;NULL;NULL;2;NULL;NULL;NULL;NULL;NULL;NULL;1;3;4
796;2;NULL;NULL;NULL;NULL;NULL;2;NULL;NULL;NULL;NULL;NULL;NULL;7;4;1
797;1;2;NULL;NULL;NULL;NULL;2;NULL;NULL;NULL;NULL;NULL;NULL;6;1;5
798;1;1;2;2;1;4;1;1;2;1;2;1;1;9;1;1
799;2;NULL;NULL;NULL;NULL;NULL;2;NULL;NULL;NULL;NULL;NULL;NULL;9;2;3
800;1;NULL;NULL;NULL;NULL;NULL;1;1;1;2;2;2;1;2;3;4
801;2;NULL;NULL;NULL;NULL;NULL;2;NULL;NULL;NULL;NULL;NULL;NULL;3;2;1
802;2;NULL;NULL;NULL;NULL;NULL;1;2;NULL;NULL;NULL;NULL;NULL;6;3;1
803;2;NULL;NULL;NULL;NULL;NULL;1;2;NULL;NULL;NULL;NULL;NULL;2;1;3
804;2;NULL;NULL;NULL;NULL;NULL;1;1;2;2;2;1;2;10;5;4
805;1;2;NULL;NULL;NULL;NULL;1;2;NULL;NULL;NULL;NULL;NULL;1;3;4
806;1;1;1;2;NULL;4;1;1;1;1;1;2;2;2;3;1
807;1;1;3;1;3;1;2;NULL;NULL;NULL;NULL;NULL;NULL;7;5;4
808;1;2;NULL;NULL;NULL;NULL;2;NULL;NULL;NULL;NULL;NULL;NULL;4;3;2
809;1;2;NULL;NULL;NULL;NULL;2;NULL;NULL;NULL;NULL;NULL;NULL;9;4;1
810;1;2;NULL;NULL;NULL;NULL;1;1;1;2;2;2;2;6;3;2
811;2;NULL;NULL;NULL;NULL;NULL;2;NULL;NULL;NULL;NULL;NULL;NULL;4;1;3
812;2;NULL;NULL;NULL;NULL;NULL;1;2;NULL;NULL;NULL;NULL;NULL;7;4;3
813;1;1;2;2;NULL;2;1;1;1;1;1;2;2;8;2;1
814;1;1;1;1;1;NULL;NULL;2;NULL;NULL;NULL;NULL;NULL;6;3;4
815;1;1;3;1;3;4;2;NULL;NULL;NULL;NULL;NULL;NULL;8;3;1
816;2;1;2;2;2;3;2;NULL;NULL;NULL;NULL;NULL;NULL;8;4;5
817;2;NULL;NULL;NULL;NULL;NULL;1;1;1;2;1;2;1;7;1;4
818;1;2;NULL;NULL;NULL;NULL;2;NULL;NULL;NULL;NULL;NULL;NULL;1;4;1
819;2;NULL;NULL;NULL;NULL;NULL;1;2;NULL;NULL;NULL;NULL;NULL;3;3;2
820;1;2;NULL;NULL;NULL;NULL;1;2;NULL;NULL;NULL;NULL;NULL;2;5;1
821;2;NULL;NULL;NULL;NULL;NULL;2;NULL;NULL;NULL;NULL;NULL;NULL;8;2;3
822;2;NULL;NULL;NULL;NULL;NULL;1;1;2;2;1;2;2;7;2;4
823;2;NULL;NULL;NULL;NULL;NULL;2;NULL;NULL;NULL;NULL;NULL;NULL;6;5;3
824;1;1;2;1;3;1;1;1;1;2;1;1;2;2;3;5
825;2;NULL;NULL;NULL;NULL;NULL;1;1;2;1;1;2;2;6;3;4
826;2;NULL;NULL;NULL;NULL;NULL;2;NULL;NULL;NULL;NULL;NULL;NULL;5;2;4
827;1;2;NULL;NULL;NULL;NULL;2;NULL;NULL;NULL;NULL;NULL;NULL;4;2;5
828;1;2;NULL;NULL;NULL;NULL;1;2;NULL;NULL;NULL;NULL;NULL;7;3;4
829;1;2;NULL;NULL;NULL;NULL;2;NULL;NULL;NULL;NULL;NULL;NULL;10;2;1
830;1;1;3;1;2;4;2;NULL;NULL;NULL;NULL;NULL;NULL;6;2;4
831;1;1;2;2;NULL;2;1;2;NULL;NULL;NULL;NULL;NULL;4;1;4
832;2;NULL;NULL;NULL;NULL;NULL;2;NULL;NULL;NULL;NULL;NULL;NULL;5;3;1
833;1;2;NULL;NULL;NULL;NULL;2;NULL;NULL;NULL;NULL;NULL;NULL;5;1;5
834;2;NULL;NULL;NULL;NULL;NULL;1;1;2;2;1;2;1;8;5;2
835;1;1;1;2;NULL;1;1;2;NULL;NULL;NULL;NULL;NULL;7;4;5
836;1;1;3;2;NULL;2;1;2;NULL;NULL;NULL;NULL;NULL;6;2;5
837;1;2;NULL;NULL;NULL;NULL;2;NULL;NULL;NULL;NULL;NULL;NULL;7;4;5
838;1;1;1;1;1;NULL;NULL;1;2;1;2;2;1;9;5;1
839;2;NULL;NULL;NULL;NULL;NULL;2;NULL;NULL;NULL;NULL;NULL;NULL;7;3;1
840;2;NULL;NULL;NULL;NULL;NULL;1;1;1;2;1;1;2;2;3;2
841;2;NULL;NULL;NULL;NULL;NULL;1;2;NULL;NULL;NULL;NULL;NULL;10;2;2
842;2;NULL;NULL;NULL;NULL;NULL;1;1;1;1;1;2;2;4;1;3
843;2;NULL;NULL;NULL;NULL;NULL;1;2;NULL;NULL;NULL;NULL;NULL;7;5;3
844;1;1;3;2;NULL;5;1;2;NULL;NULL;NULL;NULL;NULL;3;4;3
845;1;2;NULL;NULL;NULL;NULL;1;1;2;1;2;1;2;9;1;2
846;1;1;1;2;NULL;2;2;NULL;NULL;NULL;NULL;NULL;NULL;9;3;1
847;2;NULL;NULL;NULL;NULL;NULL;2;NULL;NULL;NULL;NULL;NULL;NULL;2;3;1
848;2;NULL;NULL;NULL;NULL;NULL;2;NULL;NULL;NULL;NULL;NULL;NULL;5;1;3
849;1;2;NULL;NULL;NULL;NULL;2;NULL;NULL;NULL;NULL;NULL;NULL;2;5;1
850;1;1;1;2;NULL;3;2;NULL;NULL;NULL;NULL;NULL;NULL;7;4;5
851;1;1;3;1;1;NULL;NULL;NULL;NULL;NULL;NULL;NULL;NULL;4;1;4
852;2;NULL;NULL;NULL;NULL;NULL;2;NULL;NULL;NULL;NULL;NULL;NULL;1;3;4
853;1;1;1;1;2;3;2;NULL;NULL;NULL;NULL;NULL;NULL;2;5;3
854;1;2;NULL;NULL;NULL;NULL;2;NULL;NULL;NULL;NULL;NULL;NULL;10;5;3
855;2;NULL;NULL;NULL;NULL;NULL;1;2;NULL;NULL;NULL;NULL;NULL;5;4;1
856;1;1;3;2;NULL;2;1;2;NULL;NULL;NULL;NULL;NULL;10;1;4
857;2;NULL;NULL;NULL;NULL;NULL;1;2;NULL;NULL;NULL;NULL;NULL;5;2;2
858;1;2;NULL;NULL;NULL;NULL;2;NULL;NULL;NULL;NULL;NULL;NULL;3;1;3
859;2;NULL;NULL;NULL;NULL;NULL;1;1;2;2;1;1;1;6;3;4
860;2;NULL;NULL;NULL;NULL;NULL;1;1;1;1;2;1;1;4;2;4
861;2;NULL;NULL;NULL;NULL;NULL;1;2;NULL;NULL;NULL;NULL;NULL;6;1;5
862;1;1;3;2;NULL;3;1;2;NULL;NULL;NULL;NULL;NULL;9;2;3
863;2;NULL;NULL;NULL;NULL;NULL;1;2;NULL;NULL;NULL;NULL;NULL;9;2;4
864;1;1;1;1;3;5;1;1;1;1;2;2;2;1;4;1
865;1;1;3;1;2;3;2;NULL;NULL;NULL;NULL;NULL;NULL;10;2;3
866;1;1;1;2;NULL;5;1;2;NULL;NULL;NULL;NULL;NULL;1;2;4
867;2;NULL;NULL;NULL;NULL;NULL;1;2;NULL;NULL;NULL;NULL;NULL;10;3;4
868;1;2;NULL;NULL;NULL;NULL;2;NULL;NULL;NULL;NULL;NULL;NULL;6;5;2
869;2;NULL;NULL;NULL;NULL;NULL;2;NULL;NULL;NULL;NULL;NULL;NULL;3;1;2
870;2;NULL;NULL;NULL;NULL;NULL;2;NULL;NULL;NULL;NULL;NULL;NULL;8;5;4
871;1;2;NULL;NULL;NULL;NULL;2;NULL;NULL;NULL;NULL;NULL;NULL;3;1;4
872;1;2;NULL;NULL;NULL;NULL;1;2;NULL;NULL;NULL;NULL;NULL;5;4;3
873;2;NULL;NULL;NULL;NULL;NULL;2;NULL;NULL;NULL;NULL;NULL;NULL;6;1;2
874;1;2;NULL;NULL;NULL;NULL;2;NULL;NULL;NULL;NULL;NULL;NULL;9;4;5
875;2;NULL;NULL;NULL;NULL;NULL;1;2;NULL;NULL;NULL;NULL;NULL;9;5;4
876;1;1;1;1;2;4;1;1;1;2;1;2;1;5;3;2
877;2;NULL;NULL;NULL;NULL;NULL;1;2;NULL;NULL;NULL;NULL;NULL;1;4;1
878;1;1;2;1;2;4;1;2;NULL;NULL;NULL;NULL;NULL;7;2;4
879;1;2;NULL;NULL;NULL;NULL;1;1;1;1;2;2;1;7;5;4
880;1;2;NULL;NULL;NULL;NULL;2;NULL;NULL;NULL;NULL;NULL;NULL;4;1;4
881;2;NULL;NULL;NULL;NULL;NULL;1;1;1;2;2;2;2;8;5;2
882;1;1;2;1;3;5;1;1;1;2;2;2;2;2;2;4
883;1;2;NULL;NULL;NULL;NULL;2;NULL;NULL;NULL;NULL;NULL;NULL;3;4;1
884;2;NULL;NULL;NULL;NULL;NULL;1;1;1;2;2;2;1;5;5;2
885;2;NULL;NULL;NULL;NULL;NULL;1;2;NULL;NULL;NULL;NULL;NULL;3;5;1
886;2;NULL;NULL;NULL;NULL;NULL;2;NULL;NULL;NULL;NULL;NULL;NULL;1;4;1
887;2;NULL;NULL;NULL;NULL;NULL;2;NULL;NULL;NULL;NULL;NULL;NULL;9;1;5
888;1;2;NULL;NULL;NULL;NULL;2;NULL;NULL;NULL;NULL;NULL;NULL;4;5;3
889;2;NULL;NULL;NULL;NULL;NULL;2;NULL;NULL;NULL;NULL;NULL;NULL;4;1;5
890;2;NULL;NULL;NULL;NULL;NULL;2;NULL;NULL;NULL;NULL;NULL;NULL;7;1;3
891;1;1;1;1;1;NULL;NULL;NULL;NULL;NULL;NULL;NULL;NULL;1;5;1
892;2;NULL;NULL;NULL;NULL;NULL;1;1;1;1;1;2;2;7;2;5
893;2;NULL;NULL;NULL;NULL;NULL;1;1;1;2;2;1;1;8;4;3
894;2;NULL;NULL;NULL;NULL;NULL;1;1;1;1;1;2;2;2;3;2
895;2;NULL;NULL;NULL;NULL;NULL;2;NULL;NULL;NULL;NULL;NULL;NULL;5;4;2
896;1;1;2;1;1;NULL;NULL;1;2;1;1;1;2;3;2;4
897;2;NULL;NULL;NULL;NULL;NULL;2;NULL;NULL;NULL;NULL;NULL;NULL;6;3;4
898;1;2;NULL;NULL;NULL;NULL;2;2;NULL;NULL;NULL;NULL;NULL;8;4;1
899;1;1;3;1;1;NULL;NULL;1;2;2;1;2;1;1;3;2
900;1;1;2;2;NULL;1;1;1;1;2;1;1;1;8;1;4
901;1;1;2;1;2;3;2;NULL;NULL;NULL;NULL;NULL;NULL;2;5;1
902;1;1;2;2;NULL;2;2;NULL;NULL;NULL;NULL;NULL;NULL;10;3;2
903;1;1;1;1;1;NULL;NULL;2;NULL;NULL;NULL;NULL;NULL;1;5;3
904;2;NULL;NULL;NULL;NULL;NULL;1;2;NULL;NULL;NULL;NULL;NULL;7;3;4
905;1;1;3;1;2;2;1;2;NULL;NULL;NULL;NULL;NULL;10;4;5
906;1;1;3;2;NULL;3;1;1;1;1;2;2;1;1;1;3
907;1;2;NULL;NULL;NULL;NULL;1;2;NULL;NULL;NULL;NULL;NULL;5;2;5
908;2;NULL;NULL;NULL;NULL;NULL;2;NULL;NULL;NULL;NULL;NULL;NULL;7;4;3
909;1;NULL;NULL;NULL;NULL;NULL;2;NULL;NULL;NULL;NULL;NULL;NULL;5;5;3
910;2;NULL;NULL;NULL;NULL;NULL;1;2;NULL;NULL;NULL;NULL;NULL;5;2;5
911;1;1;2;2;NULL;1;2;NULL;NULL;NULL;NULL;NULL;NULL;2;5;2
912;2;NULL;NULL;NULL;NULL;NULL;1;2;NULL;NULL;NULL;NULL;NULL;5;5;1
913;1;2;NULL;NULL;NULL;NULL;1;1;2;2;1;1;1;10;4;5
914;2;NULL;NULL;NULL;NULL;NULL;1;2;NULL;NULL;NULL;NULL;NULL;3;4;5
915;1;1;1;1;2;5;2;NULL;NULL;NULL;NULL;NULL;NULL;9;2;3
916;2;NULL;NULL;NULL;NULL;NULL;2;NULL;NULL;NULL;NULL;NULL;NULL;9;4;1
917;1;2;NULL;NULL;NULL;NULL;1;1;2;2;1;1;1;1;3;2
918;1;2;NULL;NULL;NULL;NULL;1;1;2;1;1;2;1;1;2;1
919;2;NULL;NULL;NULL;NULL;NULL;1;1;1;2;2;1;1;2;4;2
920;2;NULL;NULL;NULL;NULL;NULL;2;NULL;NULL;NULL;NULL;NULL;NULL;10;5;3
921;1;1;3;1;3;1;2;NULL;NULL;NULL;NULL;NULL;NULL;1;2;4
922;1;2;NULL;NULL;NULL;NULL;2;NULL;NULL;NULL;NULL;NULL;NULL;5;1;5
923;1;1;3;2;NULL;1;1;1;2;1;2;2;2;7;2;3
924;1;1;2;2;NULL;4;2;1;1;1;2;2;1;5;5;3
925;2;NULL;NULL;NULL;NULL;NULL;1;2;NULL;NULL;NULL;NULL;NULL;5;1;5
926;1;1;2;2;NULL;4;1;1;1;2;1;2;2;2;4;3
927;2;NULL;NULL;NULL;NULL;NULL;2;NULL;NULL;NULL;NULL;NULL;NULL;2;5;4
928;2;NULL;NULL;NULL;NULL;NULL;1;1;2;1;1;2;1;1;5;2
929;2;NULL;NULL;NULL;NULL;NULL;1;2;NULL;NULL;NULL;NULL;NULL;5;3;2
930;1;2;NULL;NULL;NULL;NULL;1;1;1;1;2;1;1;8;3;2
931;1;NULL;NULL;NULL;NULL;NULL;1;2;NULL;NULL;NULL;NULL;NULL;5;3;5
932;1;1;1;2;NULL;2;1;2;NULL;NULL;NULL;NULL;NULL;8;3;5
933;2;NULL;NULL;NULL;NULL;NULL;2;NULL;NULL;NULL;NULL;NULL;NULL;10;1;5
934;2;NULL;NULL;NULL;NULL;NULL;1;2;NULL;NULL;NULL;NULL;NULL;9;3;4
935;2;NULL;NULL;NULL;NULL;NULL;1;2;NULL;NULL;NULL;NULL;NULL;6;2;4
936;1;1;2;2;NULL;1;1;1;1;1;1;2;2;3;3;1
937;1;2;NULL;NULL;NULL;NULL;2;NULL;NULL;NULL;NULL;NULL;NULL;3;5;2
938;1;2;NULL;NULL;NULL;NULL;2;NULL;NULL;NULL;NULL;NULL;NULL;4;2;3
939;1;1;2;2;NULL;4;2;NULL;NULL;NULL;NULL;NULL;NULL;4;3;2
940;1;2;NULL;1;3;5;2;NULL;NULL;NULL;NULL;NULL;NULL;6;2;1
941;1;1;2;1;2;2;1;1;1;2;2;2;2;4;4;2
942;1;1;1;2;NULL;NULL;2;NULL;NULL;NULL;NULL;NULL;NULL;4;4;2
943;1;2;NULL;NULL;NULL;NULL;1;1;1;2;2;1;1;6;5;4
944;2;NULL;NULL;NULL;NULL;NULL;1;1;1;1;1;1;1;4;3;1
945;1;1;NULL;2;2;4;1;2;NULL;NULL;NULL;NULL;NULL;1;1;5
946;2;NULL;NULL;NULL;NULL;NULL;2;NULL;NULL;NULL;NULL;NULL;NULL;8;5;3
947;2;NULL;NULL;NULL;NULL;NULL;2;NULL;NULL;NULL;NULL;NULL;NULL;4;4;2
948;1;2;NULL;NULL;NULL;NULL;1;1;1;1;1;2;2;3;1;4
949;2;NULL;NULL;NULL;NULL;NULL;1;1;1;2;2;1;1;5;3;2
950;1;2;NULL;NULL;NULL;NULL;1;2;NULL;NULL;NULL;NULL;NULL;10;2;1
951;2;NULL;NULL;NULL;NULL;NULL;1;2;NULL;NULL;NULL;NULL;NULL;6;2;3
952;2;NULL;NULL;NULL;NULL;NULL;2;NULL;NULL;NULL;NULL;NULL;NULL;6;1;3
953;1;1;1;1;3;5;2;NULL;NULL;NULL;NULL;NULL;NULL;1;5;1
954;2;NULL;NULL;NULL;NULL;NULL;2;NULL;NULL;NULL;NULL;NULL;NULL;8;5;2
955;1;2;NULL;NULL;NULL;NULL;2;NULL;NULL;NULL;NULL;NULL;NULL;2;4;5
956;1;2;NULL;NULL;NULL;NULL;2;NULL;NULL;NULL;NULL;NULL;NULL;1;2;1
957;1;1;1;2;NULL;4;2;NULL;NULL;NULL;NULL;NULL;NULL;8;4;1
958;1;2;NULL;NULL;NULL;NULL;1;2;NULL;NULL;NULL;NULL;NULL;4;2;4
959;1;2;NULL;NULL;NULL;NULL;2;NULL;NULL;NULL;NULL;NULL;NULL;9;5;1
960;2;NULL;NULL;NULL;NULL;NULL;2;NULL;NULL;NULL;NULL;NULL;NULL;8;1;3
961;2;NULL;NULL;NULL;NULL;NULL;2;NULL;NULL;NULL;NULL;NULL;NULL;9;2;1
962;1;2;NULL;NULL;NULL;NULL;2;NULL;NULL;NULL;NULL;NULL;NULL;2;3;4
963;1;1;2;1;3;2;2;NULL;NULL;NULL;NULL;NULL;NULL;6;3;5
964;2;NULL;NULL;NULL;NULL;NULL;1;1;2;1;1;1;1;6;3;1
965;1;1;NULL;2;NULL;5;2;NULL;NULL;NULL;NULL;NULL;NULL;8;2;4
966;1;1;2;2;NULL;3;2;NULL;NULL;NULL;NULL;NULL;NULL;1;1;3
967;1;1;1;2;NULL;4;2;NULL;NULL;NULL;NULL;NULL;NULL;4;5;1
968;1;1;1;1;2;5;1;2;NULL;NULL;NULL;NULL;NULL;10;4;1
969;2;NULL;NULL;NULL;NULL;NULL;1;2;NULL;NULL;NULL;NULL;NULL;10;3;5
970;2;NULL;NULL;NULL;NULL;NULL;1;2;NULL;NULL;NULL;NULL;NULL;10;2;1
971;1;2;NULL;NULL;NULL;NULL;1;2;NULL;NULL;NULL;NULL;NULL;2;4;1
972;2;NULL;NULL;NULL;NULL;NULL;2;NULL;NULL;NULL;NULL;NULL;NULL;4;4;5
973;1;1;3;2;NULL;4;1;1;2;2;2;1;1;7;4;3
974;1;2;NULL;NULL;NULL;NULL;2;NULL;NULL;NULL;NULL;NULL;NULL;3;1;2
975;1;1;3;1;3;2;1;1;2;1;2;1;1;8;5;1
976;2;NULL;NULL;NULL;NULL;NULL;2;NULL;NULL;NULL;NULL;NULL;NULL;5;2;5
977;1;1;3;1;1;NULL;NULL;NULL;NULL;NULL;NULL;NULL;NULL;8;3;1
978;1;2;NULL;NULL;NULL;NULL;2;NULL;NULL;NULL;NULL;NULL;NULL;10;4;2
979;2;NULL;NULL;NULL;NULL;NULL;2;NULL;NULL;NULL;NULL;NULL;NULL;1;3;4
980;2;NULL;NULL;NULL;NULL;NULL;1;1;2;2;1;1;2;5;3;2
981;2;NULL;NULL;NULL;NULL;NULL;1;2;NULL;NULL;NULL;NULL;NULL;6;2;1
982;1;2;NULL;NULL;NULL;NULL;2;NULL;NULL;NULL;NULL;NULL;NULL;9;5;2
983;1;1;3;1;2;2;2;NULL;NULL;NULL;NULL;NULL;NULL;7;4;5
984;1;1;3;2;NULL;3;2;NULL;NULL;NULL;NULL;NULL;NULL;4;3;1
985;1;1;2;2;NULL;5;2;NULL;NULL;NULL;NULL;NULL;NULL;7;2;5
986;1;1;2;2;NULL;1;2;NULL;NULL;NULL;NULL;NULL;NULL;6;1;3
987;1;1;3;2;NULL;2;2;NULL;NULL;NULL;NULL;NULL;NULL;5;3;4
988;2;NULL;NULL;NULL;NULL;NULL;2;NULL;NULL;NULL;NULL;NULL;NULL;3;5;1
989;1;2;NULL;NULL;NULL;NULL;2;NULL;NULL;NULL;NULL;NULL;NULL;7;3;2
990;2;NULL;NULL;NULL;NULL;NULL;1;1;2;1;2;2;2;4;5;2
991;2;NULL;NULL;NULL;NULL;NULL;1;1;2;2;1;2;1;1;2;5
992;1;1;1;2;NULL;5;1;2;NULL;NULL;NULL;NULL;NULL;9;1;3
993;2;NULL;NULL;NULL;NULL;NULL;2;NULL;NULL;NULL;NULL;NULL;NULL;5;4;1
994;1;2;NULL;NULL;NULL;NULL;1;2;NULL;NULL;NULL;NULL;NULL;7;4;1
995;1;1;1;1;3;1;2;NULL;NULL;NULL;NULL;NULL;NULL;6;5;2
996;2;NULL;NULL;NULL;NULL;NULL;2;NULL;NULL;NULL;NULL;NULL;NULL;3;4;2
997;2;NULL;NULL;NULL;NULL;NULL;2;NULL;NULL;NULL;NULL;NULL;NULL;4;2;1
998;2;NULL;NULL;NULL;NULL;NULL;1;2;NULL;NULL;NULL;NULL;NULL;5;5;1
999;2;NULL;NULL;NULL;NULL;NULL;2;NULL;NULL;NULL;NULL;NULL;NULL;8;4;5
1000;1;2;NULL;NULL;NULL;NULL;2;NULL;NULL;NULL;NULL;NULL;NULL;8;4;1
